20010411,"['Info', 'lofty', 'plans']",0
20010510,"['offshore', 'seismic', 'survey', 'Karnataka', 'coast', 'soon']",0
20010511,"['offshore', 'seismic', 'survey', 'Karnataka', 'coast', 'soon']",1
20010528,"['MPs', 'riling', 'back']",1
20010622,"['RPL', 'gets', 'Cabinet', 'nod', 'dilute', 'shares']",0
20010711,"['Indian', 'Oil', 'among', 'Forbes', 'international', '500']",1
20010731,"['keen', 'Enron', 'stake', 'DPC']",1
20010801,"['Godbole', 'panel', 'recommendations', 'applicable', 'Power']",1
20010806,"['Godbole', 'panel', 'report', 'applicable', 'Power']",1
20010810,"['makes', 'mobility', 'cheaper']",1
20010821,"['Infocom', 'open', 'nationwide']",1
20010823,"['urged', 'start', 'gas', 'cracker', 'project']",1
20010823,"['plants', 'peepal', 'trees']",1
20010828,"['plans', 'landline', 'infrastructure', 'year-end']",0
20010910,"['cables', 'stolen']",0
20010912,"['set', 'oil', 'terminal', 'Haldia']",0
20010918,"['cables', 'stolen']",1
20010921,"['spend', '20', 'cr', 'infrastructure', '270', 'villages']",0
20010926,"['shines', 'flat', 'market']",0
20010928,"['Another', 'blow', 'CMC', 'sell-off', 'pulls']",1
20011015,"['seeks', 'Govt', 'nod', 'JV', 'IOC']",1
20011023,"['yet', 'pay', 'MSEB', 'damaging', 'cables']",0
20011031,"['Petroleum', 'GDR', 'issue', 'plans', 'deferred']",1
20011101,"['H1', 'net', '10']",1
20011119,"['sells', '10', 'stake', 'Grasim']",1
20011121,"['Life', 'get', 'IRDA', 'licence', 'Aug', '2002']",0
20011122,"['may', 'get', 'CBM', 'blocks', 'ONGC-IOC']",0
20011122,"['Kerala', 'transport', 'corp', 'self-reliance', 'path']",0
20011207,"['BSNL', 'sign', 'agreement', 'STD', 'charges']",0
20011212,"['says', 'race', 'DPC', 'stake']",1
20011213,"['Govt', 'keeps', 'options', 'open', 'IOC-Reliance', 'JV']",0
20011221,"['go', 'ahead', 'Hirma', 'project']",0
20011224,"['Self', 'reliance', 'papad', 'power']",1
20020108,"['deal', 'Korean', 'service', 'provider']",0
20020114,"['IOC', 'mull', '2-year', 'mkting', 'agreement']",1
20020128,"['signs', 'NLD', 'licence']",1
20020131,"['sets', 'sights', 'e-tailing', 'sector']",1
20020201,"['Q3', 'operating', 'profits', 'tumble', '32']",0
20020207,"['okays', 'Houston', 'company', 'oil', 'drilling']",1
20020225,"['signs', 'licence', 'agreement', 'ILD']",1
20020304,"['Industries', 'enters', 'Fortune', '500', 'club']",1
20020304,"['import', '3.933', 'bn', 'worth', 'crude', 'oil']",1
20020305,"['lot', 'sleeve']",0
20020315,"['resume', 'water', 'supply', 'Jamnagar']",1
20020320,"['CBI', 'chargesheet', 'officials']",0
20020326,"['IOC', 'hopes', 'ink', 'marketing', 'deal', 'week']",0
20020327,"['Kvaerner', 'bags', 'project', 'Hazira']",1
20020403,"['bid', 'PSUs', 'Shourie']",0
20020416,"['exchange', 'sealed']",0
20020416,"['slugs', ';', 'Sun']",0
20020429,"['officials', 'remanded', 'custody']",0
20020430,"['Court', 'stays', 'warrant', 'chief']",0
20020502,"['officials', 'granted', 'bail']",1
20020515,"['Cable', 'damage', 'get', 'notice']",0
20020603,"['present', 'cheque', 'IPCL', 'stake']",1
20020610,"['fined', 'stake', 'case']",1
20020627,"['HC', 'notice', 'official', 'plea']",1
20020701,"['market', 'cap']",1
20020715,"['holding', 'BSES', '9.4']",0
20020719,"['Hughes', 'Tele', 'CEO', 'joins', 'Infocom']",1
20020808,"['Infocomm', 'acquire', 'Sify']",0
20020809,"['denies', 'involvement', 'petro', 'scam']",0
20020918,"['ups', 'stake', 'BSES', '40']",0
20021024,"['Inspection', 'reports', 'sent', 'Sebi', 'DCA']",0
20021028,"['refinery', 'production', '5.5', 'pc', 'Apr-Sep']",0
20021029,"['strikes', 'huge', 'gas', 'reserves', 'Godavari', 'basin']",1
20021029,"['Capital', 'posts', 'flat', 'net', 'profit']",1
20021031,"['gas', 'find', 'fires', 'energy', 'market']",1
20021107,"['MERC', 'admits', 'Patalganga', 'petition']",1
20021111,"['Govt', 'turns', 'plea', 'marketing', 'ATF']",0
20021114,"['promises', 'new', 'IT', 'dawn', 'state']",0
20021118,"['claims', 'offer', 'cheapest', 'telecom', 'services']",1
20021126,"['Govt', 'set', 'facilities', 'bunks']",1
20021202,"['Capital', 'launch', 'new', 'scheme']",1
20021203,"['gas', 'find', 'last', 'yrs', 'Govt']",1
20021212,"['buy', '10', 'choppers']",0
20021218,"['set', 'launch', 'telecom', 'services']",0
20021218,"['Capital', 'MF', 'mobilises', '230', 'cr']",0
20021219,"['comes', 'scanner', 'JPC', 'stock', 'scam']",0
20021219,"['readies', 'serve', 'state', 'WLL']",0
20021220,"['refinery', 'production', 'falls', '20', 'pc', 'Nov']",1
20021226,"['mobile', 'service', 'Delhi', 'mid-Jan']",1
20021227,"['joins', 'mobile', 'war']",1
20030103,"['BSNL', 'files', 'case', 'Telecom']",0
20030108,"['Self-reliance', 'Army', 'long', 'way', 'George']",1
20030109,"['finds', 'gas', 'Gujarat', 'offshore']",1
20030128,"['rallies', 'behind', 'TRAI', 'telecom', 'tariff', 'war']",0
20030129,"['Life', 'Sciences', 'teams', 'Thyrocare', 'Technologies']",1
20030206,"['Too', 'much', 'reliance', 'technology', 'bad', 'Medha', 'Patkar']",1
20030207,"['invest', '563', 'mn', 'nine', 'oil', 'gas', 'blocks']",1
20030214,"['mull', 'bidding', 'HPCL', 'Ambani']",1
20030219,"['revive', 'life', 'insurance', 'plan', 'shortly']",0
20030224,"['finds', 'gas', 'Krishna', 'Godavari', 'Basin']",1
20030225,"['Govt', 'yet', 'confirm', 'gas', 'estimates']",0
20030304,"['Mahajan', 'denies', 'favours']",0
20030307,"['Cap', 'issue', 'preference', 'shares']",0
20030311,"['Qualcomm', 'turns']",1
20030324,"['Special', 'court', 'turns', 'plea', 'OSA', 'case']",0
20030421,"['Has', 'got', 'telecom', 'biz', 'wrong']",0
20030422,"['insures', 'WLL', 'phones', 'NIC']",0
20030423,"['Why', 'panic', 'still', 'growing']",1
20030423,"['net', '45', 'pay', '50']",1
20030424,"['completes', '88', 'pc', 'VPT', 'obligation']",0
20030430,"['supply', 'water', 'Jam', 'Khambhalia']",1
20030528,"['BSNL', 'okays', 'subscribers', 'calls', 'users']",1
20030529,"['offers', 'East', 'coast', 'gas', 'Tata', 'Power']",1
20030603,"['held', 'tampering', 'handsets']",0
20030609,"['BSES', 'called', 'Energy']",1
20030613,"['Infocomm', 'announce', 'new', 'tariff', 'plans']",1
20030613,"['Trai', 'directive', 'tariff', 'creates', 'confusion']",1
20030617,"['Infocomm', 'launches', 'mobile', 'applications']",1
20030618,"['announces', 'new', 'tariff', 'packages']",0
20030625,"['Infocomm', 'introduces', 'Nokia', 'CDMA', 'handsets']",1
20030701,"['skirts', 'big', 'cities', 'petrol', 'pump', 'network']",0
20030701,"['provide', 'connection', '501']",0
20030703,"['snaps', '200', 'BSNL', 'lines']",1
20030703,"['launch', 'operations', 'Karnataka', 'Oct']",1
20030708,"['withdraw', 'Pioneer', 'offer']",0
20030709,"['Monsoon', 'Hungama', 'draws', 'crowds']",0
20030717,"['makes', 'phones', 'talk']",1
20030723,"['ahead', 'companies', 'state']",1
20030724,"['set', 'foray', 'PCO', 'market']",1
20030729,"['Capital', 'net', '7.5', 'pc']",0
20030731,"['Q1', 'net', 'grows', '20', 'pc']",1
20030805,"['Order', 'summoning', 'officials', 'set', 'aside', 'high', 'court']",1
20030818,"['installs', 'security', 'system', 'Dwarka', 'temple']",0
20030818,"['Info', 'considers', 'legal', 'options']",0
20030826,"['offers', 'fixed', 'wireless', 'services']",0
20030827,"['offers', 'fixed', 'wireless']",1
20030828,"['begins', 'due', 'diligence', 'HPCL']",1
20030829,"['services', 'blink']",1
20030909,"['men', 'kept', 'HPCL', 'plant']",1
20030911,"['lodges', 'FIR', 'bill', 'tiff']",1
20030930,"['gas', 'pipeline', 'policy', 'ambit']",0
20030930,"['gas', 'find', 'triggers', '44', 'bids']",0
20031007,"['Self-reliance', 'global', 'success', 'Pitroda']",1
20031008,"['takes', 'stem', 'cell', 'next', 'level']",1
20031014,"['seek', 'legal', 'opinion', 'WLL', 'order']",1
20031014,"['FIIs', 'raise', 'holding', '19.21', 'pc']",1
20031016,"['Q2', 'net', 'jumps', '26', 'pc']",1
20031016,"['buy', 'Flag', '207', 'net', '26', 'pc']",1
20031021,"['cracker', 'unit', 'shut', 'leak']",0
20031106,"['FIIs', 'take', 'stake', 'Energy']",1
20031106,"['angers', 'state', 'govt']",1
20031111,"['buys', 'stake', 'TV18']",0
20031112,"['DoT', 'asks', 'pay', '526', 'cr', 'penalty']",1
20031113,"['Unified', 'licence', 'pays', ';', '542', 'cr']",1
20031114,"['comes', 'calling', 'call', 'centre']",0
20031115,"['Tata', 'WLL', 'mobile']",0
20031120,"['eyes', 'China', 'polymer', 'market']",0
20031205,"['Telecom', 'new', 'offers']",1
20031216,"['signals', 'unsettle', 'Spice', 'customers']",1
20031219,"['slashes', 'roaming', 'call', 'rates']",1
20040113,"['buy', 'US', 'Flag', 'Telecom', '211', 'mn']",1
20040113,"['mocks', 'GSM', 'operators']",1
20040127,"['may', 'rework', '750', 'mn', 'ECB', 'plan']",1
20040129,"['Q3', 'profit', '27']",0
20040130,"['invest', 'telecom', 'sector']",0
20040206,"['pre-paid', 'service', 'soon']",0
20040206,"['announce', 'pre-paid', 'services', 'Monday']",0
20040209,"['Info', 'launches', 'pre-paid', 'service']",1
20040210,"['Infocomm', 'launches', 'pre-paid', 'service']",1
20040217,"['may', 'get', 'six-month', 'poll', 'breather', 'oil', 'deal']",1
20040219,"['power', 'unit', 'near', 'Delhi']",0
20040220,"['Cell', 'scam', 'entangles']",0
20040220,"['reacts', 'cell', 'scam']",0
20040223,"['start', 'work', '3500', 'MW', 'plant', 'UP']",0
20040226,"['Nirma', 'Ghogha', 'power', 'project']",0
20040226,"['oil', 'outlets', 'Jamnagar', 'Hazira', 'Mumbai']",0
20040303,"['Self-reliance', 'key', 'competitiveness', 'Menon']",1
20040305,"['Infocomm', 'targets', '30', 'pc', 'growth']",1
20040309,"['Infocomm', 'prowl']",1
20040402,"['buys', '0.9', 'ONGC']",1
20040405,"['launches', 'international', 'roaming']",0
20040412,"['Info', 'eyes', 'pre-paid', 'users']",0
20040413,"['FIIs', 'stake', 'Capital']",1
20040413,"['largest', 'wealth', 'creator']",1
20040413,"['group', 'largest', 'wealth', 'creator', 'FY-04']",1
20040419,"['Info', 'offer', 'ESOPs']",1
20040420,"['house', 'top', 'bosses', 'Seawoods']",0
20040420,"['MF', 'collects', '415', 'crore']",0
20040421,"['house', 'top', 'bosses', 'Seawoods']",1
20040421,"['Infocomm', 'offers', 'new', 'multimedia', 'handsets']",1
20040423,"['seeks', 'Nabard', 'aid']",1
20040427,"['double', 'polyester', 'capacity']",0
20040429,"['profits', 'cross', 'bn']",0
20040430,"['shines', 'Sensex', 'wanes']",1
20040505,"['kickstarts', 'broadband', 'operations']",0
20040510,"['MF', 'files', 'prospectus', 'SEBI']",0
20040511,"['Info', 'lowers', 'STD', 'charges']",0
20040610,"['Legislators', 'head', 'Friday', 'showdown']",0
20040611,"['Cabinet', 'okays', 'project']",0
20040624,"['strikes', 'gas', 'Orissa', 'Coast']",0
20040624,"['acquires', 'Trevira', 'GmbH']",0
20040625,"['buy', 'German', 'firm', '97', 'mn']",1
20040630,"['Techs', 'pull', 'Sensex']",0
20040702,"['ONGC', 'pull', 'Sensex']",0
20040708,"['buys', 'NIS', 'Sparta']",1
20040716,"['invites', 'bids', 'mobile', 'account']",1
20040716,"['set', 'plant', 'AP']",1
20040805,"['set', 'get', 'nod', 'lay', 'gas', 'pipeline']",1
20040813,"['Info', 'legal', 'eagles', 'swoop', 'defaulters']",0
20040827,"['COUNTERVIEWBRSelf', 'reliance', 'much', 'excess', 'baggage']",0
20040902,"['eyes', 'automotive', 'biz']",0
20040903,"['cuts', 'STD', 'Re', '1/min']",0
20040908,"['Info', 'expand', 'presence', 'Bengal']",1
20040916,"['Infocomm', 'invest', '300', 'crore', 'Karnataka']",1
20040922,"['Intel-Reliance', 'deal', 'push', 'broadband']",0
20040930,"['Infocomm', 'launches', 'Mobile', 'office']",1
20041006,"['DoT', 'notice', 'illegal', 'routing', 'calls']",1
20041007,"['Infocomm', 'IPO', 'next', 'year']",1
20041008,"['BSNL', 'call', 'routing', 'row', 'continues']",0
20041015,"['Info', 'pays', '60', 'cr', 'BSNL']",1
20041018,"['ONGC', 'greenest', 'companies']",0
20041021,"['Energy', 'Q2', 'net', 'rises', '44', 'pc', '128', 'cr']",0
20041026,"['BSNL', 'fines', 'Infocomm', 'cr']",1
20041105,"['plea', 'row', 'BSNL', 'rejected']",0
20041105,"['Court', 'provides', 'relief', 'Infocomm']",0
20041116,"['invest', ';', 'cr', 'MP']",0
20041116,"['finds', 'gas', 'east', 'coast']",0
20041118,"['UP', 'govt', 'razes', 'tower']",1
20041123,"['Mukesh', 'may', 'recast', 'board']",0
20041125,"['Sebi', 'take', 'issue', 'bourses']",0
20041130,"['longer', 'drags', 'market']",1
20041130,"['rift', 'Dadri', 'cause']",1
20041201,"['All', 'companies', 'stocks', 'bounce', 'back']",1
20041201,"['Info', 'unveils', 'plans', 'Bengal']",1
20041202,"['shadow', 'UP', 'Energy', 'meeting']",1
20041203,"['stuck', 'overhead', 'cables']",1
20041203,"['Pay', '84.7', 'cr', 'BSNL', 'SC', 'asks', 'Infocomm']",1
20041203,"['SC', 'Infocomm', 'pay', '84', 'crore', 'BSNL']",1
20041203,"['Petrol', 'pumps', 'reject', 'fuel', 'say', 'short-changed']",1
20041210,"['Was', 'Info', 'undervalued']",0
20041210,"['Sensex', 'falls', 'share', 'slump']",0
20041214,"['row', 'SEBI', 'steps']",1
20041215,"['Anil', 'demands', 'board', 'meeting']",0
20041216,"['Info', 'case', 'listed', 'Jan', 'SC']",0
20041216,"['BSNL', 'opposes', 'Infocomm', 'payment']",0
20041216,"['Info', 'offers', 'bank', 'guarantee', 'BSNL']",0
20041217,"['Morari', 'Bapu', 'havan', 'postponed']",0
20041224,"['DoT', 'imposes', 'penalty', 'Info']",1
20041227,"['Will', 'family', 'smile']",1
20041227,"['board', 'meet', 'begins', 'Mumbai']",1
20041227,"['scrip', 'new', 'high', 'buyback', 'offer']",1
20050107,"['Dividing', 'wo', 'easy']",1
20050111,"['Sebi', 'okays', 'buyback', 'queries']",0
20050111,"['proposes', 'tech', 'varsity', 'near', 'Rajkot']",0
20050118,"['RIL', 'appoint', 'majority', 'directors', 'Energy']",1
20050120,"['Info', 'gets', 'temporary', 'relief', 'TDSAT']",0
20050125,"['Info', 'violated', 'norms', 'Maran']",0
20050204,"['Info', 'misrepresented', 'facts', 'Govt']",1
20050204,"['Infocomm', 'fudged', 'facts']",1
20050210,"['Cong', 'reluctant', 'target', 'Mahajan', 'shares']",1
20050214,"['Info', 'denies', 'links', 'Mahajan']",1
20050216,"['Deora', 'companies', 'returned', 'equity', 'Info']",1
20050303,"['Comm', 'sells', 'entire', 'stake', 'ONGC']",1
20050304,"['Info', 'played', 'foul', 'tribunal']",1
20050307,"['Info', 'pays', '150', 'cr', 'fine', 'DoT']",1
20050309,"['Infocomm', 'expansion', 'mode']",1
20050310,"['Info', 'pay', '125', 'crore', 'MTNL']",0
20050316,"['Nirupam', 'raises', 'issue', 'RS']",0
20050407,"['Info', 'pull', 'plug', '9.3L', 'users']",1
20050426,"['Institutional', 'holdings', 'shift', 'group']",1
20050427,"['It', 'Eleven', 'vs', 'Anil']",1
20050427,['profit'],1
20050427,"['XI', 'vs', 'Anil', 'Ambani']",1
20050504,"['Mukesh', 'takes', 'spat', 'PM', 'court']",1
20050510,"['eyes', 'ICI', 'Pak', 'unit']",1
20050519,"['offered', 'quit']",1
20050613,"['Call', 'routing', 'Agencies', 'probe', 'Info', 'documents']",1
20050615,"['Sonia', 'fire', 'using', 'plane']",1
20050627,"['stocks', 'lift', 'sensex']",1
20050629,"['Infocomm', 'deploys', 'high', 'capacity', 'gateway']",0
20050805,"['What', 'split', 'mean']",0
20050805,"['gives', 'rebate', 'oil', 'marketing', 'cos']",0
20050920,"['says', 'number', 'portability']",0
20050922,"['buy', 'Navi', 'Mumbai', 'SEZ']",0
20050927,"['engr', 'contractor', 'shot', 'Bahadurpur']",1
20051003,"['PM', 'redefines', 'self-reliance', 'India']",0
20051020,"['Energy', 'Q2', 'net', '25', '160', 'crore']",1
20051027,"['Ind', 'Q2', 'net', 'jumps', '42']",0
20051108,"['enters', 'IIMs']",1
20051111,"['Info', 'launches', 'new', 'schemes', 'TN']",1
20051124,"['HC', 'hear', 'demerger', 'scheme', 'Friday']",1
20051213,"['Info', 'China', 'Tele', 'join', 'hands']",1
20051227,"['demerger', 'hit', 'sensex']",1
20051229,"['malls', 'debut', 'Gujarat']",1
20060102,"['Cap', 'RCV', 'merge', 'ratio']",1
20060116,"['Former', 'MCI', 'V-P', 'joins', 'Info']",0
20060118,"['Energy', 'Q3', 'net', '23', 'per', 'cent', '165', 'crore']",0
20060123,"['Times', 'Now', 'goes', 'live', 'mobile']",0
20060124,"['Petro', 'lines', 'IPO']",1
20060202,"['Airport', 'revamp', 'knocks', 'doors', 'Delhi', 'High', 'Court']",0
20060202,"['questions', 'AAI', 'Chief', 'role', 'airport', 'bidding']",0
20060203,"['alleges', 'rigging', 'airport', 'bids', 'goes', 'court']",0
20060206,"['Listing', 'board', 'revamp', 'dominate', 'feud']",1
20060207,"['pay', '40cr', 'BSNL']",1
20060214,"['GMR', 'bid', 'raises', 'Manila', 'dirt']",1
20060216,"['Petro', 'raises', '1.5-b', 'overseas', 'debt']",0
20060217,"['eyes', 'Gujarat', 'govt', 'GACL', 'stake']",0
20060221,"['Anil', 'gears', 'Comm', 'IPO']",1
20060306,"['Comm', 'lists', 'NSE', 'BSE', 'ends', 'flat']",1
20060306,"['Petro', 'files', 'IPO']",1
20060308,"['Petro', 'borrow', '10', 'cr']",0
20060316,"['EIL', 'refinery', 'plan', 'draws', 'practice']",1
20060324,"['workers', 'clash']",1
20060404,"['Delhi', 'HC', 'rejects', 'plea']",1
20060405,"['windfall', 'held', 'stock']",1
20060420,"['Market', 'rides', 'boom', 'scale']",1
20060420,"['Petro', 'IPO', 'creates', 'record']",1
20060421,"['Armani', 'may', 'pick', 'India', 'foray']",0
20060424,"['moves', 'SC', 'airport', 'issue']",1
20060424,"['challenges', 'HC', 'airport', 'order', 'SC']",1
20060502,"['Comm', 'set', 'enter', 'sensex']",1
20060518,"['bags', 'Mumbai', 'Metro', 'Phase-I']",0
20060531,"['bags', 'oil', 'block', 'East', 'Timor']",0
20060531,"['charts', ';', 'plan', 'Bengal']",0
20060601,"['SC', 'adjourns', 'Airport']",1
20060613,"['Communication', 'slips']",0
20060619,"['signs', 'SEZ', 'deal', 'Haryana']",0
20060627,"['vs', 'bhajiwala', '60', 'stores', 'year-end']",0
20060628,"['plans', 'big', 'agri', 'biz', 'Punjab']",0
20060629,"['Amex', 'India', 'chief', 'join', 'Retail']",1
20060629,"['mangoes', 'make', 'Harrods']",1
20060707,"['pips', 'Rahejas', 'realty', 'battle']",1
20060720,"['Q1', 'net', '10']",0
20060721,"['grand', 'plans', 'Orissa']",1
20060721,"['sends', 'SOS', 'market', 'share', 'slides']",1
20060803,"['Govt', 'pegs', 'loss', '7.5', 'gas', 'deal']",0
20060817,"['TPC', 'fail', 'agree', 'power', 'pact']",1
20060914,"['sets', 'sights', 'Brazil', 'Ethanol']",1
20060925,"['Market', 'flat', 'Tata', 'Motors', 'stocks']",1
20060926,"['Market', 'recovers', 'HDFC', 'stocks']",1
20061012,"['JV', 'sells', '20', 'Bandra-Kurla', 'Complex']",1
20061023,"['may', 'set', 'sail', 'logistics', 'arm']",0
20061030,"['Fresh', 'set', 'debut', 'Hyderabad']",1
20061030,"['Comm', 'net', 'surges', '720', 'cr']",1
20061116,"['Brokers', 'reduce', 'rates', 'fight', 'Money']",0
20061207,"['Retail', 'plans', 'sell', 'jeans', '199']",1
20061207,"['gas', 'AP', 'tread', 'cautious', 'path']",1
20061212,"['Life', 'plans', '900', 'cr', 'biotech', 'foray']",0
20061212,"['brokerage', 'suspended', 'Sebi']",0
20061227,"['shareholders', 'rejoice']",1
20061227,"['Ambanis', 'paid']",1
20061228,"['throws', 'hat', 'Hutch-Essar', 'ring']",1
20070103,"['MF', 'outpaces', 'others', '2006', 'growth']",1
20070111,"['malls', 'may', 'offer', 'car', 'servicing']",1
20070111,"['Vodafone', 'open', 'partnering', 'Comm']",1
20070208,"['Life', 'buys', 'UK', 'co', '14', '6m']",1
20070220,"['explore', 'tieups', 'Chevron']",1
20070313,"['Ind', 'makes', 'two', 'gas', 'finds']",0
20070409,"['Retail', 'gets', 'land', 'Bengal', 'sans', 'resistance']",1
20070412,"['Cap', 'enters', 'broking', 'biz']",0
20070419,"['Customers', 'block', 'office', 'MP']",1
20070426,"['Energy', 'Q4', 'PAT', 'increases', '40', 'per', 'cent']",1
20070427,"['gets', 'toehold', 'Kolkata']",0
20070504,"['Money', 'market', 'gold', 'coins']",1
20070511,"['logs', 'social', 'networking']",0
20070514,"['Capital', 'acquires', 'per', 'cent', 'stake', 'Network', '18']",1
20070514,"['Blackberry', 'network', 'soon']",1
20070517,"['retail', 'rollout', 'June']",1
20070522,"['cuts', 'roaming', 'rates', '70']",1
20070522,"['cuts', 'roaming', 'rates', '40', 'paise', 'min']",1
20070523,"['cuts', 'ISD', 'rates', 'Gulf']",1
20070523,"['After', 'Ranchi', 'another', 'Fresh', 'store', 'attacked', 'Indore']",1
20070524,"['Welcome', 'DTH', 'arena']",0
20070525,"['Anil', 'group', 'says', 'Noida', 'SEZ', 'meets', 'contiguity', 'requirements']",0
20070530,"['Govt', 'looks', 'gas', 'Dabhol', 'restart']",1
20070605,"['mobiles', 'get', 'CNN', 'streamed']",0
20070605,"['Money', 'break', 'even', 'FY', '08', 'CEO']",0
20070612,"['Bharti', 'lose', 'Saudi', 'mobile', 'license']",0
20070614,"['CPMT', 'results', 'Mobile']",0
20070716,"['Comm', 'buys', 'US-based', 'Yipes']",0
20070810,"['invest', '10b', 'Egypt', 'petro', 'goods']",0
20070813,"['Comm', 'launch', 'tower', 'exchange']",1
20070910,"['launches', 'BlackBerry', 'service']",1
20070912,"['Govt', 'may', 'approve', 'gas', 'price']",1
20070919,"['yield', 'offer', 'king', 'fruits', 'round', 'year']",1
20070926,"['outlets', 'attacked', 'Orissa']",0
20070927,"['Retail', 'shelve', 'UP', 'Orissa', 'plans', '10k', 'jobs', 'stake']",0
20071001,"['sacks', '400', 'employees', 'Bengal']",0
20071003,"['colour', 'phone', '999']",1
20071010,"['Crude', 'hunt', 'strikes', 'oil', 'Cauvery', 'basin']",1
20071011,"['Stay', 'away', 'retail', 'told']",0
20071012,"['slows', 'retail', 'venture']",1
20071018,"['Energy', 'Q2', 'net', '34']",1
20071022,"['invest', 'Bihar', 'Mukesh']",0
20071024,"['Campaign', 'stall', 'Power', 'IPO', 'ADAG']",1
20071024,"['India', 'seek', 'nuclear', 'self-reliance', 'Thorium', 'Kalam']",1
20071025,"['Shiv', 'Sainiks', 'ransack', 'Web', 'World', 'office', 'Nasik']",1
20071107,"['may', 'partner', 'Lowe']",1
20071107,"['Traders', 'protest', 'opening', 'Fresh', 'outlets', 'Orissa']",1
20071108,"['Info', 'faces', 'power', 'theft', 'case']",0
20071109,"['Lowest', 'bidder', 'Power', 'set', 'bag', 'Krishnapatnam', 'project']",0
20071109,"['Retail', 'enter', 'branded', 'jewellery', 'mart']",0
20071116,"['India', 'achieves', 'self-reliance', 'GSLV', 'technology']",1
20071126,"['Power', 'wants', 'hike', 'IPO', 'value']",1
20071129,"['Power', 'gets', 'Krishnapatnam', 'project']",0
20071129,"['invest', '17', 'cr', 'oil', 'gas', 'exploration']",0
20071203,"['Energy', 'raise', ';', 'cr']",1
20071203,"['Energy', 'Maruti', 'power', 'Sensex']",1
20071207,"['Govt', 'refers', 'complaints', 'Power', 'IPO', 'SEBI']",0
20071213,"['Eton', 'Park', 'buys', 'MF']",1
20071219,"['Logistics', 'defers', 'East', 'plan']",0
20071219,"['SC', 'notice', 'Industries', 'Excise', 'Department', 'plea']",0
20071220,"['Indices', 'open', 'higher', 'Energy', 'TCS', 'lead']",0
20080107,"['Power', 'eyes', 'Dabhol']",1
20080111,"['Power', 'IPO', 'continue', 'Supreme', 'Court']",1
20080115,"['Anil', 'infuses', ';', '440cr', 'Power', 'IPO']",1
20080115,"['Power', 'IPO', 'subscribed', '7.7', 'times']",1
20080116,"['Dabbawalas', 'market', 'Power', 'IPO']",0
20080118,"['Power', 'IPO', 'subscribed', '72', 'times']",0
20080123,"['Anil', 'infuses', ';', '440cr', 'Power', 'IPO']",1
20080124,"['Capital', 'Q3', 'net', '86', '135', 'crore']",0
20080204,"['Infratel', 'files', 'IPO']",1
20080206,"['UP', 'govt', 'files', '66', 'cases', 'Infratel']",0
20080208,"['Soros', 'buys', 'stake', 'Entertainment']",0
20080211,"['Power', 'lists', '530', 'NSE']",0
20080211,"['Power', 'lists', '530', 'slips', '401']",0
20080218,"['Power', 'shares', 'soar', '10', 'bonus', 'issue', 'plans']",1
20080218,"['Power', 'shares', 'soar', 'bonus', 'issue', 'plans']",1
20080227,"['Advertorial', 'Life', 'Insurance', 'launches', 'unique', 'health', 'plan']",1
20080319,"['Sebi', 'probes', 'trading', 'Petroleum']",1
20080409,"['No', 'interim', 'relief', 'Power', 'land', 'acquisition', 'case']",1
20080416,"['Communications', 'ties', 'ICC', 'rankings']",1
20080421,"['Ind', 'Q4', 'net', '24', 'Rs', '912', 'cr']",0
20080428,"['Energy', 'reports', 'net', 'profit', '085', 'crores']",1
20080428,"['Energy', 'profit', '41']",1
20080502,"['MF', 'assets', 'grow', 'lakh', 'crore']",1
20080505,"['retail', 'GSM', 'handsets']",0
20080506,"['shuts', '432', 'petrol', 'pumps']",0
20080515,"['SEBI', 'clears', 'Infratel', 'IPO']",1
20080520,"['Retail', 'rope', 'international', 'partners']",0
20080522,"['surrenders', 'oil', 'blocks']",0
20080526,"['leads', 'race', 'UK-based', 'co']",0
20080527,"['Globalcom', 'buys', 'Vanco', '327', 'crore']",1
20080529,"['Ex', 'AMD', 'head', 'lead', 'semiconductor']",1
20080617,"['seeks', '1b', 'loan', 'expansion']",0
20080618,"['ADA', 'dreams', 'big', 'Spielberg', 'Co']",1
20080620,"['Infra', 'invest', 'billion', 'expansion']",0
20080707,"['MTN', 'may', 'quit', 'talks', 'Report']",0
20080718,"['Communications', 'MTN', 'end', 'talks']",1
20080813,"['Retail', 'UK', 'toy', 'maker', 'tie']",1
20080829,"['Money', 'enters', 'Eurozone']",0
20080912,"['Retail', 'downsizes', 'largest', 'hypermart']",0
20080915,"['set', '40', 'steel', 'plant', 'Jharkhand']",0
20080917,"['Did', 'shortchange', 'farmers', 'land', 'acquisition']",1
20080919,"['moves', 'HC', 'referendum', 'order', 'Maharashtra', 'SEZ']",1
20080922,"['Power', 'submits', '450crore', 'plan', 'Raigad', 'plant']",1
20080930,"['Amar', 'Singh', 'seeks', 'nod', 'Industries', 'gas', 'price']",1
20080930,"['Big', 'TV', 'increase', 'number', 'channels', '400']",1
20081014,"['Brands', 'inks', 'JV', 'Diesel']",1
20081112,"['SEZ', 'built', 'city', 'debris']",0
20081112,"['Central', 'nod', 'gas', 'AP', 'power', 'plants']",0
20081119,"['Sensex', 'closes', 'red']",1
20081125,"['aircraft', 'run', 'octroi']",1
20081204,"['Life', 'hiring', 'spree']",1
20081226,"['Petroleum', 'commissions', 'refinery', 'Jamnagar']",1
20081231,"['Tatas', 'Oberois', 'seek', 'CISF', 'cover']",0
20090107,"['Blast', 'kills', 'Refinery']",0
20090112,"['Industries', 'KG-D6', 'may', 'resume', 'oil', 'production', 'Jan-end']",0
20090115,"['Big', 'calls', 'deal']",0
20090122,"['Sensex', 'led', 'Bharti', 'nos', 'eyed']",0
20090122,"['Power', 'posts', '106cr', 'Q3', 'profit']",0
20090206,"['Sensex', 'hovers', 'near', '9300', 'Infra', 'Grasim']",1
20090211,"['Retail', 'goes', 'revamp']",0
20090219,"['Both', 'groups', 'figure', 'Lok', 'Sabha']",0
20090331,"['TDSAT', 'upholds', 'dual', 'technology', 'Communications']",1
20090423,"['GSM', 'goes', 'post-paid', 'Mum']",1
20090511,"['Snapping', 'cables', 'hits', 'BSNL', 'services']",0
20090513,"['Growing', 'reliance', 'quacks', 'causes', 'concern']",0
20090527,"['MF', 'launch', 'Islamic', 'fund', 'Malaysia', 'soon']",0
20090610,"['State', 'washes', 'hands', 'SEZ']",1
20090617,"['Govt', 'asks', 'sell', 'gas', 'Essar', 'Ispat']",0
20090617,"['Centre', 'clears', 'CISF', 'cover', 'refinery']",0
20090622,"['China', 'Mobile', 'denies', 'deal', 'Communications']",0
20090716,"['power', 'consumers', 'pay', 'bills', 'old', 'rate']",1
20090721,"['Capital', 'plans', 'sell', 'stake', 'life', 'insurance', 'biz']",1
20090727,"['Sensex', 'closes', 'flat']",0
20090728,"['Power', 'raise', '20', 'cr', 'fund', 'power', 'projects']",0
20090728,"['Power', 'raise', '20', 'fund', 'power', 'projects']",0
20090730,"['Infra', 'bags', 'bid', 'construct', 'Metro', 'II']",0
20090730,"['Goa', 'soon', 'stop', 'drawing', 'power']",0
20090806,"['Airport', 'gets', 'five', 'projects', 'lease']",1
20090806,"['Power', 'kicks', 'Dadri', 'bid', 'process']",1
20090814,"['Bharti', 'topples', 'Ind', 'top', 'fund', 'bet']",1
20090821,"['MF', 'successful', 'fund', 'house', 'Crisil', 'FundServices']",1
20090827,"['PIL', 'rejection', 'toll', 'bid']",1
20090827,"['Industries', 'wins', 'gas', 'rights', 'cities']",1
20090827,"['Gas', 'wins', 'rights', 'retail', 'gas', 'three', 'cities']",1
20090904,"['Adlabs', 'Films', 'renamed', 'MediaWorks']",1
20090911,"['Gujarat', 'seeks', 'gas']",0
20090924,"['Tata', 'Power', 'battle', 'meters']",1
20090930,"['Air', 'India', 'brings', 'General', 'fleet', 'insurance']",1
20091008,"['Bloc', 'U-turn', 'agri-retail']",1
20091012,"['Garmin', 'Autozone', 'partner', 'launch', 'navigation', 'devices']",1
20091020,['Stadium'],0
20091020,"['gas', 'dispute', 'like', 'war', 'two', 'nations', 'SC']",0
20091023,"['On', 'path', 'self', 'reliance', 'water', 'supply']",0
20091029,"['AC', 'stands', 'Stadium', 'hit', 'among', 'India-Oz', 'ODI', 'spectators']",1
20091105,"['SC', 'judges', 'pull', 'different', 'cases']",1
20091111,"['may', 'sell', 'stake', 'foreign', 'blocks']",1
20091127,"['Communications', 'unveils', 'paise', 'per', 'SMS', 'opens', 'new', 'front', 'tariff', 'war']",0
20091217,"['biggest', 'wealth', 'creator', 'FY', '09', 'Unitech', 'fastest']",0
20091222,"['Advanced', 'systems', 'key', 'self-reliance', 'nuke', 'power', 'AEC', 'chief']",0
20100104,"['proposes', '1.5', 'bn', 'investment', 'KG-D6']",0
20100107,"['SC', 'judge', 'recuses', 'hearing', 'land', 'acquisition', 'issue', 'Power', 'Ltd']",1
20100107,"['Life', 'hire', 'people']",1
20100108,"['SC', 'judge', 'recuses', 'hearing', 'Power', 'appeal', 'Dadri', 'plant']",0
20100108,"['Media', 'buys', 'assets', 'iLabs', 'UK']",0
20100108,"['Congmen', 'attack', 'outlets', 'across', 'Andhra']",0
20100108,"['sweetens', 'offer', 'LyondellBasell', '13.5', 'bn']",0
20100118,"['Dadri', 'land', 'issue', 'No', 'immediate', 'relief', 'Power']",0
20100208,"['India', 'course', 'self-reliance', 'energy', 'Kakodkar']",0
20100210,"['Media', 'seek', 'action', 'Fame']",1
20100226,"['Infra', 'consortium', 'bags', 'crore', 'Mumbai', 'sea-link', 'deal']",1
20100303,"['Budget', 'take', 'Sensex', '17K', 'level']",0
20100316,"['Comm', 'rings', '100', 'million', 'subscribers']",1
20100422,"['Fire', 'inside', 'Groupn', 'warehouse', 'loss', 'worth', 'crores']",1
20100429,"['Sensex', '123', 'points', 'banks', 'lead']",0
20100519,"['shuts', 'oil', 'gas', 'MA', 'field', 'due', 'cyclone']",0
20100524,"['stocks', 'Ambani', 'brothers', 'call', 'truce']",0
20100526,"['pack', 'stocks', 'red']",0
20100602,"['UAE', 'Etisalat', 'talks', 'buy', '25', 'stake', 'Communications']",0
20100603,"['revives', 'plan', 'build', 'chemical', 'plant']",1
20100610,"['Power', 'buy', 'two', 'Indonesian', 'coal', 'companies']",1
20100630,"['Republican', 'lawmaker', 'urges', 'Obama', 'reverse', 'decision']",1
20100702,"['RNRL', 'may', 'merge', 'Power']",0
20100705,"['Power', 'RNRL', 'merger', 'ratio']",0
20100708,"['Power', 'achieves', 'financial', 'closure', 'Krishnapatnam', 'UMPP']",0
20100709,"['Life', 'aims', 'double', 'market', 'share', 'years']",0
20100713,"['EGoM', 'may', 'meet', 'July', '27', 'decide', 'gas', 'Power']",1
20100719,"['Communications', 'adds', '2.8', 'million', 'users', 'June']",0
20100719,"['Communications', 'adds', '2.8', 'million', 'subscribers', 'June']",0
20100720,"['ups', 'ante', 'oil', 'min', 'refuses', 'obey', 'order']",1
20100730,"['MediaWorks', 'says', 'talks', 'Inox']",0
20100805,"['buy', '60', 'stake', 'US', 'shale-gas', 'venture']",0
20100809,"['Capital', 'Q1', 'net', 'profit', 'dips', '49', 'pc']",0
20100812,"['Power', 'seeks', 'shareholders', 'nod', '25', 'stake', 'sale']",0
20100817,"['boost', 'Indian', 'badminton']",0
20100818,"['Broadcast', 'sets', 'JV', 'CBS', 'TV', 'channels']",0
20100827,"['Capital', 'appoints', 'Kela', 'chief', 'investment', 'strategist']",0
20100901,"['likely', 'nominate', 'Nita', 'Ambani', 'EIH', 'board']",0
20100901,"['Industries', 'hikes', 'stake', 'EIH', '14.80']",0
20100903,"['Trent', 'shares', 'touch', 'all-time', 'high', 'Cap', 'deal']",0
20100906,"['Communications', 'GTL', 'call', 'tower', 'deal']",1
20100922,"['Sensex', 'rally', 'leaves', 'Industries', 'behind']",0
20100928,"['Retail', 'plans', ';', 'stores']",0
20101001,"['IGI', 'line', 'delay', 'subsidiary', 'fined']",1
20101001,"['ties', 'Tom', 'Hanks']",1
20101025,['Stadium'],1
20101116,"['2G', 'scam', 'Swan', 'Telecom', 'acted', 'front', 'Telecom']",0
20101119,"['Think', 'fly', 'drive', 'car', 'Mukesh']",0
20101126,"['Stir', 'IT', 'park', 'land']",1
20101203,"['Tight', 'security', 'around', 'stadium', 'view', 'India-NZ', 'ODI']",1
20101203,"['Cops', 'turn', 'Stadium', 'fortress', 'ahead', 'India-NZ', 'ODI']",1
20110104,"['Cap', 'arm', 'buys', '26', 'stake', 'ICEX']",1
20110105,"['executive', 'killed', 'girlfriend', 'brother']",1
20110107,"['Big', 'Bazaar', 'sell', 'vegetables', '40', 'cheaper']",0
20110110,"['Power', 'signs', 'agreement', 'NTPC']",0
20110113,"['Brands', 'slip', 'fashion', 'wear']",1
20110113,"['Brands', 'signs', 'licensing', 'agreement', 'Quicksilver']",1
20110113,"['expands', '3G', 'Punjab']",1
20110121,"['may', 'maintain', 'profit-growth', 'momentum']",1
20110209,"['MF', 'launches', 'Gold', 'Savings', 'Fund']",1
20110210,"['Got', '100', 'phone-tap', 'orders', 'per', 'day', 'Infocomm']",0
20110210,"['ADAG', 'says', 'victim', 'cartel']",0
20110214,"['Sweet', 'mix', 'self-reliance', 'eco-conservation']",1
20110214,"['Hefty', 'fine', 'trade', 'looms', 'Industries']",1
20110216,"['Webel', 'join', 'hands', 'Kolkata', 'The']",1
20110217,"['FII', 'selling', 'biggest', 'opportunity', 'investors', 'MF']",1
20110221,"['Industries', 'BP', 'ink', '7.2bn', 'oil', 'gas', 'deal']",0
20110222,"['Nokia', 'launches', 'Ovi', 'Store', 'Comm', 'India']",0
20110314,"['Infra', 'eyes', '10', 'highway', 'projects']",0
20110315,"['Nippon', 'Life', 'buys', '26', 'life']",1
20110316,"['Positive', 'Industries', 'Neil', 'Beveridge']",1
20110317,"['Communications', 'gets', ';', 'cr', 'first', 'tranche', 'China', 'Development', 'Bank']",0
20110318,"['shares', 'fall', '3.9', 'report', 'gas', 'output', 'may', 'drop']",0
20110404,"['CBI', 'charges', 'Telecom', 'three', 'executives', 'abetment', 'cheating']",0
20110407,"['GM', 'shot', 'dead', 'Jharkhand']",0
20110425,"['admits', 'gas', 'output', 'boost', 'problems']",0
20110506,"['We', 'investigating', 'Tata', 'CBI', 'tells', 'SC']",0
20110511,"['SC', 'clears', 'way', 'trial', 'key', 'officials']",0
20110520,"['GM', 'murder', 'arrest']",1
20110525,"['Ent', 'joins', 'hands', 'David', 'Linde']",0
20110531,"['Expect', 'fresh', 'triggers', 'market', '2-3', 'months', 'MF']",1
20110601,"['Capital', 'hire', '500', 'managers', '50', '000', 'insurance', 'agents']",1
20110603,"['Industries', 'shares', 'fall']",1
20110623,"['Infra', 'talks', 'stake', 'sale']",1
20110630,"['Engineers', 'yet', 'locate', 'fault', 'power', 'plant']",1
20110701,"['Self-reliance', 'needed', 'defence', 'Saraswat']",1
20110704,"['Retail', 'rejig', 'Ex-Walmart', 'China', 'execs', 'join', 'CEO', 'COO']",0
20110704,"['Retail', 'poaches', 'Walmart', 'execs', 'head', 'value', 'format']",0
20110705,"['ET', 'How', 'reshuffle', 'cost', 'Industries', 'dear']",0
20110708,"['holds', 'blood', 'donation', 'camps']",0
20110713,"['Industries', 'taking', 'Aircel']",1
20110722,"['Infra', 'comes', 'RTI', 'Act', 'rules', 'SIC']",1
20110725,"['Power', 'set', 'get', '625m', 'loan', 'US', 'Exim', 'Bank']",1
20110725,"['Industries', 'Q1', 'net', '17']",1
20110726,"['Analysts', 'Call', 'What', 'Industries']",0
20110803,"['Infra', 'wins', 'deal', '25', 'yrs']",0
20110809,"['gets', 'approval', '7.2', 'billion', 'BP', 'deal']",0
20110810,"['2G', 'scam', 'denies', 'holding', 'equity', 'Swan', 'Telecom']",1
20110811,"['Telecom', 'denies', 'breaching', 'telecom', 'guidelines']",0
20110817,"['Coal', 'India', 'overtakes', 'Industries', 'valuable', 'company']",1
20110817,"['ET', 'Housewives', 'sell', 'retail', 'ware']",1
20110823,"['Mukesh', 'Ambani-led', 'Industries', 'regains', 'country', 'most-valued', 'firm', 'status', 'relegating', 'Coal', 'India', 'second', 'position']",1
20110823,"['ET', 'Industries', 'Analysts', 'retain', 'buy', 'rating']",1
20110826,"['2G', 'scam', 'ADAG', 'honchos', 'move', 'SC', 'bail']",0
20110829,"['Industries', 'overtakes', 'ONGC', 'most-valued', 'company']",1
20110902,"['Nippon', 'Life', 'may', 'buy', 'Cap']",1
20110902,"['Anil', 'Ambani-led', 'Group', 'stocks', 'surge', 'pc']",1
20110907,"['Overreliance', 'nature', 'bounty', 'spells', 'doom', 'Teesta', 'treaty']",1
20110907,"['Review', '3G', 'Tab', 'Android']",1
20110909,"['violated', 'govt', 'contract', 'terms', 'CAG']",0
20110909,"['Industries', 'Ltd', 'violated', 'govt', 'contract', 'terms', 'CAG']",0
20110920,"['Blackstone', 'Carlyle', 'joint', 'bid', 'Infratel']",1
20110930,"['Capital', 'gets', 'RBI', 'nod', 'sell', 'stake', 'Life']",1
20111010,"['Industries', 'sign', 'deal', 'Disney', 'UTV']",1
20111024,"['2G', 'scam', 'case', 'Telecom', 'moves', 'HC', 'charges']",1
20111025,"['Telecom', 'moves', 'HC', 'seeking', 'quashing', 'charges', '2G', 'case']",1
20111101,"['Telecom', 'seeks', 'quashing', 'charges', '2G', 'scam']",0
20111103,"['Kenneth', 'Cole', 'partners', 'open', '25', 'India', 'stores']",1
20111114,"['Self-reliance', 'training', 'check', 'women', 'trafficking']",1
20111116,"['denies', 'Mallya-owned', 'Kingfisher', 'stake-buy', 'talks', 'report']",0
20111202,"['Industriesamp39', '52', 'bn', 'investment', 'KG', 'D6', 'block', 'rejected']",1
20111208,"['wants', 'party', 'Naidu', 'assets', 'case']",0
20111214,"['Downside', 'seems', 'limited', 'Indian', 'markets', 'MF']",1
20111223,"['Infra', 'ready', 'infuse', 'equity', '520', 'crore', 'Discoms']",1
20111229,"['Ambanis', 'avoid', 'business', 'stocks', 'tank']",0
20120105,"['gas', 'output', 'dips', '39', 'mmcmd']",0
20120107,"['Spotlight', 'stocks', 'volatile', 'trade']",0
20120116,"['Singapore', 'govt', 'buys', 'Industries']",0
20120117,"['2G', 'scam', 'ADAG', 'exec', 'suffers', 'court']",1
20120120,"['Industries', 'earnings', 'feel', 'margin', 'pressure']",1
20120123,"['Energy', 'pay', 'bill']",0
20120124,"['Armed', 'men', 'steal', '1.5L', 'store']",1
20120124,"['Industries', '2.1', 'bn', 'share', 'buyback', 'open', 'February']",1
20120202,"['2G', 'case', 'Infra', 'official', 'denies', 'giving', 'info', 'CBI']",1
20120202,"['Not', 'affected', 'SC', '2G', 'judgement', 'licences', 'issued', '2001', 'prior', 'Communications']",1
20120203,"['workers', 'go', 'strike', 'cellphone', 'ban']",0
20120207,"['Strike', 'continues', 'Industries', 'Naroda', 'plant']",1
20120208,"['Infra', 'officials', 'directors', 'Swan', 'Tiger', 'Traders', '2G', 'witness']",1
20120209,"['Swan', 'firms', 'incorporated', 'Infra', 'officials']",0
20120213,"['Rahul', 'UP', 'risk', 'worth', 'taking', 'Mani', 'Shankar', 'Aiyar']",0
20120223,"['TDSAT', 'serves', 'notice', 'Etisalat', 'DB', 'Infratel', ';', '200', 'crore', 'dues']",0
20120227,"['DreamWorks', 'film', 'bags', 'Oscar']",0
20120303,"['give', 'back', 'SEZ', 'land', 'govt', 'CM']",0
20120305,"['CAG', 'softens', 'stand', 'Power', 'gains']",0
20120306,"['Jaypee', 'Group', 'stocks', 'focus', 'amid', 'UP', 'results']",0
20120312,"['Communications', 'unveils', 'CDMA', 'tablet', '12', '999']",1
20120321,"['arm', 'told', 'pay', '400', 'cr', 'fine']",1
20120411,"['Communications', 'plans', 'list', 'undersea', 'cable', 'arm']",0
20120412,"['4G', 'services', 'Bharti', 'Airtel', 'vs', 'Industries']",1
20120416,"['US', 'Exim', 'fund', 'Power', 'solar', 'expansion']",0
20120417,"['US', 'Exim', 'Bank', 'fund', 'Power', 'solar', 'expansion']",1
20120420,"['Brain', 'dead', 'Industries', 'Ltd', 'executive', 'organs', 'donated', 'people']",0
20120423,"['Securities', 'Atom', 'Technologies', 'team', 'online', 'payments']",1
20120508,"['Industries', 'says', 'unexpected', 'geology', 'shrank', 'KG-D6', 'output', 'oil', 'ministry', 'unconvinced']",0
20120511,"['Industries', 'buys', '1.2k', 'cr', 'bank', 'stocks', 'FY12']",0
20120515,"['Industries', 'numero', 'uno', 'loses', '10', 'm-cap', 'month']",0
20120518,"['Power', 'Ltd', 'seeks', 'CAG', 'rewrite', 'Sasan', 'coal', 'gains']",1
20120522,"['Big', 'funds', 'like', 'HDFC', 'Mutual', 'Asset', 'Management', 'weather', 'storm', 'post', '5-22', 'rise', 'profit']",1
20120528,"['Industries', 'proposes', 'new', 'plan', 'develop', 'D-6', 'block']",1
20120528,"['Industries', 'moves', 'Bombay', 'High', 'Court', 'new', 'consent', 'order', 'rules']",1
20120529,"['Oil', 'India', 'talks', 'buy', 'Gas', 'Transportation', 'Infrastructure']",1
20120601,"['Power', 'Shell', 'build', 'LNG', 'terminal']",0
20120604,"['Brands', 'Brooks', 'Brothers', 'ink', 'pact']",0
20120607,"['KG-D6', 'fields', 'CBI', 'seeks', 'attorney', 'general', 'opinion', 'case', 'Industries']",1
20120607,"['invest', '18', 'billion', 'India', 'double', 'operating', 'profit', 'next', '4-5', 'years', 'Mukesh', 'Ambani']",1
20120607,"['invest', '18', 'billion', 'India', 'double', 'profit', '4-5', 'years', 'Mukesh']",1
20120607,"['Retail', 'aims', 'clock', '50', 'crore', 'revenue', '3-4', 'years']",1
20120608,"['Industries', 'Limited', 'plans', 'lakh', 'crore', 'investments']",1
20120608,"['RIL', 'may', 'find', 'difficult', 'keep', 'big-bang', 'investment', 'promises', 'AGM']",1
20120608,"['Industries', 'invest', 'lakh', 'crore', 'years', 'double', 'profit']",1
20120608,"['Group', 'come', 'hotel', 'mall', 'hospital', 'Indore']",1
20120612,"['Barring', 'Mutual', 'Fund', 'MFs', 'fail', 'cast', 'ballot', 'crucial', 'resolutions']",0
20120613,"['Delhi', 'Electricity', 'Regulatory', 'Commission', 'raps', 'discoms']",0
20120614,"['Sebi', 'nod', 'Nippon', 'Life', '26', 'stake', 'buy', 'Mutual', 'Fund']",0
20120615,"['Capital', 'buys', 'stake', 'Grover', 'Vineyards']",1
20120627,"['synchronizes', '300MW', 'unit', 'Butibori', 'plant']",1
20120627,"['Power', 'plant', 'kicks']",1
20120710,"['Retail', 'enters', 'back-end', 'joint', 'venture', 'Sisters', 'Food', 'Group']",1
20120711,"['Tata', 'join', 'retail', 'rush', 'build', 'malls']",0
20120713,"['bring', 'UK', 'fashion', 'brand', 'Superdry']",0
20120716,"['Infrastructure', 'hits', 'back', 'claims', 'DMRC', 'put', 'commuters', 'risk']",0
20120718,"['Tihar', 'Jail', 'talks', 'Retail', 'Spencer', 'Vishal', 'Retail', 'sell', 'TJ', 'products']",0
20120720,"['Industries', 'exits', 'Iraq', 'sells', 'oil', 'blocks', 'Chevron']",0
20120720,"['Margins-hit', 'Industries', 'likely', 'put', 'modest', 'Q1', 'show']",0
20120806,"['Industries', 'agrees', 'share', 'KG-D6', 'accounts', 'CAG']",1
20120806,"['Infra', 'Salem', 'Ulundurpet', 'road', 'project', 'operational']",1
20120806,"['lifts', 'markets', 'Sensex', 'closes', '215', 'points']",1
20120807,"['Industries', 'Chidambaram', 'power', 'market', 'rally']",1
20120814,"['Quiksilver', 'seeks', 'joint', 'venture']",1
20120821,"['Globalcom', 'install', '100G', 'internet', 'network']",0
20120823,"['How', 'Rob', 'Cissell', 'aims', 'make', 'Retail', '40', '000', 'crore', 'powerhouse']",0
20120824,"['AP', 'rules', 'patch-up', 'Power', 'arm']",0
20120829,"['ET', 'build', 'flagship', 'mall', 'South', 'Delhi']",1
20120904,"['Power', 'starts', 'Sasan', 'mines']",1
20120907,"['Infrastructure', 'plans', 'exit', 'non-metro', 'airport', 'business']",1
20120912,"['Infrastructure', 'equity', 'Delhi', 'Airport', 'Metro', 'near-zero', 'co', 'transfers', '65', 'stake', 'trust']",1
20120917,"['Power', 'connects', 'Sasan', 'ultra', 'mega', 'power', 'plant', 'national', 'grid']",1
20120917,"['Infrastructure', 'enters', 'cement', 'market', 'Cement', 'brand']",1
20120918,"['Cement', 'awaiting', 'forest', 'nod', 'Mukutban', 'plant']",0
20120921,"['Communications', 'hikes', 'calling', 'rates', '25', 'rivals', 'may', 'follow', 'suit']",1
20120921,"['Communications', 'hikes', 'call', 'rates', '25', 'others', 'may', 'follow', 'suit']",1
20120924,"['Industries', 'BP', 'surrender', 'two', 'blocks', 'bad', 'outlook']",1
20121003,"['Capital', 'plans', '1k', 'crore', 'realty', 'focused', 'fund']",1
20121004,"['Mumbai', 'Metropolitan', 'Region', 'Development', 'Authority', 'Infrastructure', 'clash', 'course', 'second', 'Metro', 'rail']",1
20121004,"['Industries', 'The', 'process', 'gas', 'price', 'increase', 'makes', 'Goldman', 'Sachs', 'bullish']",1
20121012,"['School', 'show', 'way', 'energy', 'self-reliance', 'Kerala']",1
20121015,"['Communications', 'teams', 'WhatsApp', 'India']",1
20121016,"['Industries', 'ramp', 'refining', 'capacity']",1
20121017,"['Most', 'foreign', 'brokers', 'retain', 'Industries', 'ratings', 'play', 'safe']",0
20121030,"['Government', 'nod', 'KG-D6', 'plan', 'lift', 'Industries', 'fortunes', 'Moody']",0
20121031,"['forced', 'govt', 'hand', 'Reddy', 'Sharad']",0
20121101,"['favourite', 'group', 'BJP', 'Congress', 'Kejriwal', 'says']",1
20121109,"['CIC', 'seeks', 'Petroleum', 'insider', 'probe', 'details']",1
20121112,"['Bharti', 'Airtel', 'shuts', 'network', 'SMSes', 'subscribers', 'Aircel', 'Communications']",0
20121116,"['MF', 'sells', 'shares', 'Take', 'Solutions', '10.8', 'crore']",1
20121123,"['Power', 'Tilaiya', 'Project', 'exempted', 'land', 'compensation']",1
20121126,"['Let', 'international', 'experts', 'review', 'output', 'Industries']",1
20121126,"['merger', 'Plea', 'wants', 'order', 'set', 'aside']",1
20121203,"['Industries', 'set', 'launch', 'devices', 'bring', '4G', 'closer', 'masses']",0
20121205,"['install', 'compressor', 'D6', 'agrees', 'CAG', 'audit', 'Oil', 'ministry']",1
20130102,"['Power', 'starts', 'second', '300-mw', 'unit', 'Butibori', 'unit']",1
20130110,"['Fear', 'Infra', 'exit', 'Haryana', 'highway', 'project', 'looms', 'large']",0
20130118,"['ET', 'generation', 'behind', '4G', 'services']",1
20130118,"['Industries', 'generation', 'behind', '4G']",1
20130121,"['Industries', 'bring', 'retail', 'companies', 'one', 'unit']",1
20130122,"['Dhawan', 'Saxena', 'take', 'DY', 'Patil', 'T20', 'quarters']",0
20130122,"['Retail', 'aggressively', 'grow', 'cash', 'carry', 'format']",0
20130124,"['Pathan', 'blast', 'takes', 'One', 'victory']",0
20130125,"['Communications', 'talks', 'domestic', 'lenders', 'raise', '500', 'crore']",0
20130129,"['Infrastructure', 'race', 'build', 'elevated', 'rail', 'corridor']",0
20130207,"['Communications', 'gets', 'stay', 'order', 'one-time', 'licence', 'fee']",0
20130211,"['Ericsson', 'bags', 'billion', 'order', 'Communications']",1
20130213,"['Arvind', 'strikes', 'deal', 'unit', 'open', 'Ed', 'Hardy', 'stores', 'India']",1
20130220,"['Tata', 'Group', 'Power', 'GMR', 'urge', 'Jyotiraditya', 'Scindia', 'fix', 'snags']",1
20130308,"['4G', 'spectrum', 'No', 'undue', 'benefits', 'Mukesh', 'Ambani', 'Industries', 'says', 'Kapil', 'Sibal']",1
20130312,"['Power', 'kick', 'starts', 'Sasan', 'project']",0
20130314,"['Batelco', 'eyes', 'Globalcom', 'stake']",1
20130314,"['Foundation', 'identifies', 'Modasa', 'Jasdan', 'take', 'BIJ', 'initiative', 'forward']",1
20130315,"['Miss', 'India', 'finalists', 'visit', 'Digital']",1
20130318,"['Group', 'DLF', 'top', 'wealth', 'destroyers', 'list']",0
20130403,"['stocks', 'gain', '20']",1
20130404,"['RIL', 'invests', '800cr', 'Anil', 'Ambani', 'Mutual', 'Fund']",0
20130405,"['RIL', 'invests', '800', 'crore', 'Mutual', 'Fund']",1
20130405,"['Power', 'switches', 'Sasan', 'project']",1
20130408,"['communications', 'sell', 'arm', 'Batelco', ';', 'crore']",1
20130417,"['ropes', 'Kapsons', 'roll', 'London', 'Fog']",0
20130417,"['Retail', 'crosses', '10', 'sales', 'mark']",0
20130422,"['Stuck', 'self-reliance', 'mantra']",1
20130423,"['Stuck', 'self-reliance', 'mantra']",1
20130425,"['Stuck', 'self-reliance', 'mantra']",1
20130426,"['Stuck', 'self-reliance', 'mantra']",0
20130430,"['Communications', 'joins', 'hands', 'Aircel', 'cut', 'capital', 'expenditure']",0
20130506,"['Comm', 'raises', 'call', 'tariff', '20']",1
20130511,"['Relief', 'low-end', 'consumers', 'Infrastructure']",0
20130523,"['Life', 'Insurance', 'files', '172', 'fraud', 'calls']",0
20130523,"['Govt', 'continue', 'buying', 'gas-based', 'power']",0
20130529,"['There', 'dossiers', 'saying', 'Swan', 'owned', 'Communications', 'Niira', 'Radia', 'tells', 'court']",1
20130603,"['Ex-MTN', 'CEO', 'looms', 'large', 'Communications', 'deal']",0
20130607,"['4G', 'launch', 'put', 'next', 'year']",0
20130611,"['Kolkata', 'Municipal', 'Corporation', 'gives', 'nod', '4G', 'Kolkata']",0
20130612,"['Communication', 'tower', 'deal', 'fails', 'impress']",1
20130621,"['Capital', 'becomes', 'first', 'company', 'suspend', 'gold', 'sales']",0
20130701,"['Communications', 'clears', 'debt', ';', 'crore']",1
20130708,"['casino', 'income', 'exposes', 'faulty', 'policies', 'Aam', 'Admi', 'Aurat', 'Against', 'Gambling']",0
20130708,"['Communications', 'spin', 'real', 'estate']",0
20130719,"['3G', 'tariff', 'war', 'offing', 'Communications', 'halves', 'rates']",1
20130719,"['IMG-Reliance', 'look', 'compromise', 'I-League', 'clubs']",1
20130722,"['2G', 'Telecom', 'moves', 'SC', 'summoning', 'Anil', 'Tina', 'Ambani', 'witnesses']",0
20130723,"['Communications', 'Tata', 'Tele', 'ink', '2G', 'intra-circle', 'roaming', 'arrangement']",1
20130724,"['IMG-Reliance', 'turns', 'early', 'meeting', 'I-League', 'clubs']",0
20130725,"['2G', 'trial', 'ADAG', 'official', 'pulled', 'signalling', 'witness', 'court']",0
20130729,"['IMG-Reliance', 'players', 'train', 'Mumbai']",0
20130730,"['2G', 'scam', 'case', 'says', 'court', 'prejudiced']",0
20130730,"['Telecom', 'pans', 'court', 'summon', 'Ambanis']",0
20130730,"['Tata', 'India', 'top', 'brand', 'followed', 'Airtel']",0
20130805,"['Infra', 'bags', 'Bihar', '185', 'crore', 'IT', 'project']",1
20130806,"['prepares', 'roll', '4G', 'Kolkata']",0
20130806,"['Powerr', 'seeks', 'tariff', 'hike', 'UMPPs']",0
20130806,"['Jio', 'gets', 'DoT', 'nod', 'test', '4G', 'messaging']",0
20130808,"['Govt', 'hands', 'land', 'letter', 'Cement']",0
20130812,"['IRDA', 'norms', 'bank', 'tie-ups', 'help', 'insurers', 'Life']",1
20130812,"['RCom', 'Jio', 'ink', 'fibre', 'optic', 'sharing', 'deal', 'Source']",1
20130814,"['keen', 'set', 'aerospace', 'unit', 'city']",1
20130816,"['Industries', 'explore', 'investment', 'opportunities', 'Iraqi', 'oil', 'fields']",0
20130820,"['Communications', 'bets', 'big', 'data', 'growth']",0
20130821,"['IMG-Reliance', 'meet', 'clubs', 'Mumbai']",1
20130823,"['Jio', 'Infocomm', 'applies', 'unified', 'licence']",1
20130827,"['Capital', 'list', 'proposed', 'bank', 'three', 'years', 'Anil', 'Ambani']",0
20130829,"['Industries', 'wins', 'approval', '3.18bn', 'plan', 'R-Series', 'gas', 'field']",1
20130903,"['Salem-Ulundurpet', 'highway', 'widened', 'Group']",1
20130905,"['Big', 'seeks', 'protection', 'screening']",1
20130906,"['Wo', 'drill', 'wells', 'Industries', 'Ltd', 'SC']",1
20130906,"['Communications', 'pass', 'input', 'costs', 'customers']",1
20130906,"['Slowdown', 'Blues', 'Brands', 'like', 'Reebok', 'UCB', 'Trends', 'KFC', 'desert', 'high', 'streets']",1
20130911,"['Priyanka', 'Chopra', 'launches', 'special', 'issue', 'Femina', 'Digital', 'store', 'Mumbai']",0
20130911,"['Jio', 'Airtel', 'Vodafone', 'bid', 'aggressively', 'spectrum']",0
20131011,"['Mukesh', 'Ambani-promoted', 'Jio', 'gets', 'DoT', 'nod', 'Universal', 'Telecom', 'Licence']",1
20131014,"['Industries', 'net', 'may', 'rise', '2.7', 'per', 'cent', 'weak', 'refining', 'margins']",1
20131015,"['Jio', 'gets', 'licence', 'Singapore']",1
20131015,"['Jio', 'offer', 'fixed', 'wireless', 'internet', 'services']",1
20131021,"['Retail', 'plans', 'enter', 'e-commerce', 'space', 'compete', 'Amazon', 'ebay']",1
20131021,"['Retail', 'plans', 'enter', 'e-commerce', 'rival', 'Amazon', 'eBay']",1
20131023,"['invest', 'petrochemicals', 'agro', 'foods', 'Punjab']",0
20131030,"['CM', 'moved', 'supplement', 'power', 'plant']",0
20131107,"['Accountant', 'General', 'rout', 'Energy']",0
20131108,"['Telecom', 'domain', 'name', 'plea', 'rejected']",0
20131112,"['Tussle', 'KG-D6', 'output', 'Industries', 'furnish', 'bank', 'guarantee']",0
20131202,"['Shahid', 'Kapoor', 'Sonakshi', 'Sinha', 'Prabhudheva', 'promote', '...', 'Rajkumar', 'Digital', 'Store', 'Mumbai']",1
20131204,"['Communications', 'raises', '3G', 'internet', 'rate', '26']",1
20131205,"['ET', 'Design', 'spoils', 'Apple', 'Retail', 'ties']",1
20131206,"['Life', 'launch', '25', 'products', 'months']",0
20131206,"['Apple', 'assures', 'Communications', 'iPhone', '5S', 'supply']",0
20131217,"['GSM', 'telcos', 'Jio', 'spar', 'spectrum', 'charge']",0
20131224,"['Communications', 'Telecom', 'gets', 'relief', 'rural', 'rollout']",0
20131224,"['Communications', 'gets', 'relief', 'rural', 'rollout']",0
20131230,"['Retail', 'turn', 'hypermarkets', 'wholesale', 'stores', 'court', 'kirana', 'shops']",0
20131231,"['Jio', 'hits', 'back', 'GSM', 'players']",1
20140106,"['Jio', '4G', 'service', '10-12', 'times', 'faster', '3G']",0
20140109,"['Jio', 'questions', 'COAI', 'SUC', 'stance']",0
20140113,"['Communications', 'split', 'GSM', 'CDMA', 'businesses']",1
20140114,"['Chitrangda', 'Singh', 'attends', 'exclusive', 'celebrity', 'calendar', 'launch', 'Digital', 'Filmfare', 'Mumbai']",1
20140114,"['Chitrangda', 'Singh', 'attends', 'exclusive', 'celebrity', 'calendar', 'launch', 'Digital', 'Filmfare']",1
20140116,"['Jio', 'bid', '2G', 'spectrum']",0
20140116,"['Govt', 'allocated', 'coal', 'blocks', 'Tata', 'Power', 'Energy', 'others', 'without', 'selection', 'process']",0
20140123,"['Municipal', 'corporation', 'Jio', 'row', 'digging', 'road']",0
20140127,"['4G', 'services', 'How', 'Vodafone', 'plan', 'take', 'Bharti', 'Airtel', 'Jio']",0
20140211,"['Communications', 'names', 'ex-Bharti', 'Airtel', 'executive', 'Vinod', 'Sawhny', 'CEO']",0
20140214,"['Jio', '4G', 'get', 'boost', 'spectrum', 'auction']",1
20140214,"['AAP', 'leader', 'calls', 'LG', 'man']",1
20140217,"['merger', 'gone', 'bad', 'Britain', 'Chicken', 'King', 'axe', '1800', 'jobs']",0
20140217,"['ET', 'Mukesh', 'Ambani', 'son', 'Akash', 'joins', 'Jio']",0
20140224,"['Now', 'Kejriwal', 'writes', 'Rahul', 'Gandhi', 'gas', 'price']",0
20140225,"['discoms', 'get', 'subsidy', 'directly']",1
20140225,"['Industries', 'partners', 'may', 'sell', 'KG-D6', 'gas', '4.2/unit']",1
20140318,"['Jio', 'inks', 'tower', 'pact', 'Viom']",1
20140318,"['BP', 'Niko', 'may', 'join', 'Industries', 'arbitration', 'get', 'new', 'gas', 'price']",1
20140325,"['Amitabh', 'Bachchan', 'showcased', 'new', 'song', 'Bhoothnath', 'Returns', 'Digital', 'Xpress', 'Mumbai']",0
20140417,"['Mutual', 'Fund', 'lowest', 'bidder', 'managing', 'NPS']",1
20140417,"['serves', 'legal', 'notice', 'War', 'authors']",1
20140422,"['Eco', 'group', 'opposes', 'power', 'plant', 'Selu']",1
20140505,"['Blooming', 'same-store', 'sales', 'Shoppers', 'Stop', 'Lifestyle', 'lift', 'gloom', 'retail', 'front']",1
20140515,"['Wrong', 'address', 'Fine', 'notice', 'Info', 'served']",0
20140520,"['Wo', 'let', 'capital', 'go', 'dark', 'says', 'Infra']",1
20140522,"['Cap', 'Verlinvest', 'acquire', 'stake', 'Sula']",1
20140602,"['Jio', 'may', 'offer', 'free', 'TV', 'content', 'data', 'users']",0
20140605,"['Jio', 'may', 'start', '4G', 'service', 'smaller', 'cities']",0
20140609,"['Communications', 'rolls', 'free', 'national', 'roaming', 'offers']",0
20140611,"['Power', 'makes', 'smart', 'move', 'coal', 'supply']",0
20140611,"['Life', 'buys', '3.21', 'Dhanlaxmi', 'shares']",0
20140612,"['Keeping', 'trend', 'starts', 'school', 'Navi', 'Mumbai']",0
20140617,"['Jio', 'readying', '45', 'towers', '4G', 'Credit', 'Suisse']",1
20140626,"['Govt', 'slap', 'additional', 'penalty', '578', 'million', 'Industries']",0
20140630,"['Auction', 'rigged', 'cancel', 'broadband', 'spectrum', 'held', 'Jio', 'CAG', 'report', 'says']",0
20140630,"['Self-reliance', 'motto']",0
20140707,"['Communications', 'plans', 'cut', '37', 'workforce', 'July', 'end']",1
20140709,"['Fifa', 'World', 'Cup', '2014', 'Industries', 'World', 'Cup', 'tickets', 'black', 'market']",0
20140709,"['Retail', 'set', 'shut', '100', 'Fresh', 'stores']",0
20140715,"['Govt', 'slaps', 'another', 'fine', '579', 'million', 'Industries', 'Ltd']",1
20140814,"['MPCB', 'action', 'OFA', 'two', 'units']",0
20140901,"['Priyanka', 'Chopra', 'promotes', 'Mary', 'Kom', 'Digital', 'store', 'Lucknow']",1
20140902,"['Nippon', 'Life', 'MF', 'India', 'funds', 'Japan']",1
20140922,"['Fawad', 'Khan', 'Sonam', 'Kapoor', 'share', 'notes', 'fashion', 'Khoobsurat', 'Trends', 'store']",1
20140925,"['Digital', 'Xpress', 'hosted', 'launch', 'Bang', 'Bang', 'official', 'mobile', 'game', 'Mumbai']",0
20141001,"['NGT', 'stays', 'operation', 'tower', 'Jinsi']",0
20141013,"['Industries', 'likely', 'report', 'flat', 'growth', 'Q2', 'net', 'profit']",0
20141117,"['Entertainment', 'aims', 'buy', 'US', 'European', 'game', 'studios']",1
20141117,"['Jio', 'hire', 'retail', 'distribution']",1
20141117,"['Life', 'set', 'libraries', 'government', 'schools']",1
20141118,"['Jio', 'raises', '1.5', 'billion', 'refinance', 'loans']",1
20141126,"['Airtel', 'prices', '4G', 'packages', '3G', 'counter', 'Jio']",0
20141127,"['Sohna', 'woman', 'takes', 'self-reliance', 'model', 'Australian', 'Aborigines']",1
20141204,"['Fans', 'met', 'Chennaiyin', 'FC', 'players', 'Digital', 'store', 'Mylapore', 'Chennai']",1
20141205,"['Ericsson', 'bags', 'billion', 'deal', 'manage', 'network', 'Communications']",0
20141208,"['Communication', 'top', 'deck', 'set', 'reshuffle', 'execs', 'leave']",0
20141210,"['Capital', 'sell', 'Yatra.com', 'stake', '500', 'crore']",0
20141215,"['Anil', 'Ambani', 'Group', 'sells', 'multiplex', 'biz', 'Carnival']",0
20141222,"['plans', 'beef', 'e-commerce', 'business']",0
20141230,"['Industries', 'intergrates', 'backend', 'operations', 'Home-Shop18']",0
20141231,"['Speculation', 'Saudi', 'Aramco', 'Industries', 'oil', 'deal', 'talks', 'drag']",0
20150112,"['Sonakshi', 'Sinha-Arjun', 'Kapoor', 'Digital', 'store', 'Mumbai']",0
20150113,"['Jio', 'MD', 'Sandip', 'Das', 'steps']",0
20150202,"['mutual', 'fund', 'closed-ended', 'equity', 'fund', 'gets', 'record', ';', 'crore']",0
20150206,"['Trends', 'fashion', 'partner', '60th', 'Britannia', 'Filmfare', 'Awards', 'held', 'Mumbai']",0
20150209,"['Jio', 'entry', 'may', 'keep', 'check', 'rising', 'mobile', 'tariff']",0
20150213,"['Rajasthan', 'govt', 'sign', 'MoU', 'solar', 'plant']",1
20150218,"['PAC', 'summons', 'officials', 'coal', 'blocks', 'Power']",0
20150219,"['Group', 'foray', 'defence', 'sector']",0
20150223,"['No', 'raids', 'conducted', 'offices', 'Group']",0
20150223,"['Corporate', 'espionage', 'No', 'raids', 'conducted', 'offices', 'says', 'Group']",0
20150305,"['Odisha', 'Electricity', 'Regulatory', 'Commission', 'revokes', 'licences', 'Infra-run', 'discoms']",0
20150305,"['RMC', 'slaps', '1crore', 'fine', 'Jio']",0
20150309,"['2-yr-old', 'girl', 'dies', 'Jio', 'ditch']",0
20150310,"['Citizens', 'say', 'Jio', 'civic', 'body', 'equally', 'blame']",0
20150311,"['Jio', 'buries', '37', 'rules', 'digging', 'permit']",0
20150311,"['Infra', 'announces', 'open', 'offer', 'Pipavav', 'Defence']",0
20150311,"['backed', 'start', 'ups', 'market', 'tap', 'funds', 'businesses']",0
20150318,"['work', 'lay', '4G', 'cables', 'damages', 'water', 'pipelines']",1
20150319,"['NMC', 'drags', 'feet', 'action', 'Jio']",1
20150319,"['towers', 'clearance', 'traffic', 'cops']",1
20150320,"['towers', 'NOCs', 'traffic', 'cops']",0
20150323,"['Airtel', 'Vodafone', 'take', 'Jio', 'FireFly']",1
20150324,"['Nargis', 'Fakhri', 'walks', 'ramp', 'sporting', 'jewellery', 'Jewels', 'Lakm', 'Fashion', 'Week', 'Summer', 'Resort', '2015', 'Mumbai']",0
20150324,"['Jio', 'Infocomm', 'reignites', '2G', 'spectrum', 'battle']",0
20150325,"['Chitrangda', 'Singh', 'lit', 'ramp', 'Trends', 'Lakme', 'Fashion', 'Week']",0
20150325,"['Haryana', 'govt', 'probe', 'scrapped', 'SEZ', 'Gurgaon', 'Jhajjar']",0
20150327,"['Spectrum', 'auction', 'impact', 'tells', 'court', 'mobile', 'bills', 'may', 'rise']",0
20150327,"['Now', 'capable', 'providing', '4G', 'pan-India', 'Communications']",0
20150330,"['Post', 'auction', 'Jio', 'banks', 'spectrum', 'swap', 'deals']",0
20150401,"['Airtel', 'Vodafone', 'Idea', 'Jio', 'shell', '11', 'crore', 'part', 'upfront', 'payments', 'spectrum']",1
20150407,"['gives', 'temporarily', 'tariff', 'relief', '-12']",0
20150417,"['Industries', 'likely', 'post', 'highest', 'ever', 'profit', 'Q4']",1
20150427,"['Mutual', 'Fund', 'ropes', 'Samsung', 'AMC', 'strategic', 'alliance']",1
20150514,"['officials', 'questioned', 'Anti-Corruption', 'Branch']",0
20150527,"['Ericsson', 'eyes', 'tie-up', 'Jio']",0
20150527,"['Ericsson', 'talks', 'tie', 'Jio']",0
20150528,"['Foundation', 'Young', 'Champs', '11', 'youngsters', 'found', 'overage']",1
20150601,"['Communications', 'invest', ';', 'crore', 'data', 'business']",1
20150601,"['SC', 'stays', 'Raj', 'HC', 'order', 'uninstalling', 'Jio', 'tower']",1
20150611,"['Despite', 'Jio', 'threat', 'Vodafone', 'Airtel', 'give', 'low', 'salary', 'hikes']",0
20150612,"['Jio', 'services', 'launch', 'year-end', '4G', 'phones', ';']",0
20150617,"['Brands', 'launch', 'Muji', 'India']",1
20150619,"['Will', 'rally', 'Industries', 'shares', 'continue']",0
20150630,"['Defence', 'eyeing', 'Mihan', 'land', 'Nagpur']",0
20150706,"['Jio', 'Rivals', 'worried', 'another', 'price', 'war']",1
20150707,"['lakh', 'robbery', 'Fresh', 'store', 'Mohali']",0
20150717,"['Defence', 'team', 'visits', 'Mihan']",1
20150727,"['roll', '4G', 'service', 'December']",0
20150804,"['Group', 'concludes', 'multiplex', 'sale', 'debt', 'cut']",0
20150805,"['Group', 'plans', '1bn', 'aerospace', 'park']",0
20150806,"['Himachal', 'allots', '960-MW', 'hydel', 'project', 'Energy']",1
20150806,"['Himachal', 'allocates', 'hydro', 'plant', 'Energy']",1
20150814,"['Jio', 'partner', 'Communications', '4G', 'services']",1
20150821,"['Pedro', 'ease', 'Chelsea', 'reliance', 'Hazard', 'says', 'Hudson']",0
20150902,"['Anil', 'Kapoor', 'John', 'Abraham', 'felicitate', 'Digital', 'contest', 'winners', 'Mumbai']",1
20150904,"['Grazia', 'September', 'cover', 'girl', 'Athiya', 'Shetty', 'greets', 'Digital', 'contest', 'winners', 'Mumbai']",0
20150910,"['Jio', 'offer', '4G', 'handsets', 'starting']",0
20150911,"['Industries', 'pump', 'money', 'startups']",1
20150918,"['Meat', 'ban', 'Ludhiana', 'fines', 'including', 'Fresh', 'EasyDay']",1
20151006,"['Airtel', 'may', 'cut', 'data', 'prices', 'Jio', 'entry', 'Goldman', 'Sachs']",1
20151007,"['Jio', 'may', 'push', 'Airtel', 'buy', 'Aircel', 'spectrum']",1
20151013,"['Nippon', 'Life', 'ups', 'stake', 'MF', '49']",0
20151016,"['Cap', 'announces', '150', 'crore', 'employee', 'stock', 'option', 'scheme']",1
20151021,"['MF', 'acquire', 'Goldman', 'Sachs', 'India', 'MF', 'biz', '243', 'crore']",1
20151023,"['invest', '46', 'crore', 'Madhya', 'Pradesh']",0
20151023,"['Group', 'invest', '46', 'cr', 'MP']",0
20151026,"['starts', 'e-tailing', 'cement']",0
20151102,"['Communications', 'Sistema', 'merge', 'all-stock', 'deal']",1
20151102,"['Communications', 'buy', 'Sistema', 'India', 'wireless', 'business']",1
20151105,"['NMC', 'fines', 'Jio', 'digging', 'roads', 'sans', 'nod']",0
20151120,"['Data', 'tariff', 'fall', '15-20', 'post', 'Jio', 'entry', 'Fitch']",1
20151123,"['Will', 'Jio', 'blow', 'net', 'neutrality']",1
20151208,"['Life', 'hire', '5k', 'agents', '2k', 'sales', 'staffers']",0
20151210,"['Retail', 'launch', '4G', 'phones', 'priced', ';']",1
20151211,"['Police', 'case', 'pipe', 'burst', 'Paruthipara']",1
20151215,"['VoLTE-armed', 'Jio', 'strong', 'rival', 'Credit', 'Suisse']",1
20151218,"['introduce', 'Jio', '4G', 'employees', 'December', '27', '2015']",0
20151223,"['Put', 'FB', 'Free', 'Basics', 'service', 'hold', 'TRAI', 'tells', 'Communications']",1
20151223,"['Jio', 'Infocomms', 'upcoming', 'service', 'launch', '4G', 'wars', 'spectrum', 'deals', 'consolidation', 'boost', 'hiring', 'telecom', 'industry']",1
20151223,"['Jio', 'differs', 'Airtel', 'Vodafone', 'Idea', 'spectrum', 'cap', 'reserve', 'price', 'airwaves']",1
20151224,"['Indian', 'telecom', 'sector', '2016', 'Stage', 'set', 'fierce', 'battle', 'Jio', 'takes', 'Airtel', 'Vodafone', 'Idea']",1
20151228,"['Jio', 'launches', '4G', 'employees', '10', 'key', 'takeaways']",1
20160106,"['Jio', 'optic', 'fibre', 'President', 'Ralph', 'Steffens', 'resigns']",1
20160107,"['Jio', 'soon', 'launch', 'LTE-ready', 'mobile', 'handsets', 'Lyf', 'brand']",0
20160108,"['stadium', 'MoU', 'may', 'become', 'BCA', 'election', 'issue']",1
20160111,"['Defence', 'invest', ';', 'cr', 'AP', 'ship', 'facility']",1
20160111,"['Announcements', 'spur', 'naval', 'submarine', 'ship', 'building', 'AP']",1
20160111,"['Jio', 'rolls', 'wi-fi', 'service', 'MG', 'Road', 'Vijayawada']",1
20160112,"['subsea', 'cable', 'project', 'gets', 'green', 'panel', 'nod']",1
20160113,"['4G', 'towers', 'safe', 'green', 'IIT-B']",1
20160113,"['400', 'acres', 'land', 'reserved', 'Pithampur']",1
20160113,"['Jio', 'acquire', '80', 'million', '4G', 'users', 'years', 'CLSA']",1
20160118,"['Jio', 'RCOM', 'Jio', 'sign', '4G', 'spectrum', 'sharing', 'pact']",0
20160118,"['Entertainment', 'release', 'Once', 'Again']",0
20160119,"['Commercial', 'Finance', 'ties', 'Snapdeal']",0
20160120,"['Mayor', 'order', 'action', 'Jio']",0
20160120,"['MADC', 'board', 'clears', '104', 'acres', 'Mihan']",0
20160120,"['Jio', 'wait', 'staff', 'feedback', 'launch']",0
20160122,"['Jio', 'likely', 'notch', 'annual', 'revenue', '6.69', 'billion', 'fourth', 'year', 'Morgan', 'Stanley']",0
20160205,"['To', 'squash', 'debt', 'Infrastructure', 'sells', 'cement', 'business', 'Birla', ';', '800', 'crore']",1
20160211,"['Trai', 'told', 'Communication', 'keep', 'Free', 'Basics', 'abeyance']",0
20160216,"['Jio', 'partners', 'eight', 'global', 'carriers']",1
20160219,"['Jio', '4G', 'launch', 'hurt', 'telecom', 'operators', 'data', 'revenue']",0
20160229,"['Industries', 'plans', 'take', 'Flipkart', 'Snapdeal', 'Amazon']",1
20160229,"['Communications', 'Aircel', 'rejig', 'merger', 'plan']",1
20160301,"['LYF', 'Earth', 'review', 'great', '4G', 'phone', 'entertainment', 'addicts']",0
20160302,"['Brands', 'pact', 'bring', 'Kate', 'Spade']",0
20160309,"['Relief', 'Petroinvestments', 'insider', 'trading', 'case']",1
20160310,"['Alia', 'Bhatt', 'Fawad', 'Khan', 'unveil', 'Filmfare', 'cover', 'Digital', 'store', 'Juhu', 'Mumbai']",1
20160310,"['Defence', 'gets', 'government', 'nod', 'manufacture', 'defence', 'products']",1
20160315,"['Notice', 'government', 'Jio', '4G', 'tower']",1
20160330,"['Defence', 'join', 'hands', 'Rafael', 'build', 'missiles']",1
20160405,"['Footprint', 'unveils', 'SS16', 'collection', 'LFW', 'Mumbai']",1
20160406,"['Jio', 'could', 'stump', 'market', 'low', 'data', 'tariffs', '0.5', 'paisa', 'per', '10', 'kb']",0
20160418,"['High', 'bandwidth', 'cable', 'linking', 'India', 'South', 'East', 'Asia', 'Middle', 'East', 'operational', 'Jio']",0
20160420,"['Bombay', 'high', 'court', 'fines', 'Infra', 'lakh', 'legal', 'process']",1
20160421,"['General', 'Insurance', 'partners', 'CRY', 'fight', 'child', 'labour']",0
20160425,"['seeks', 'licence', 'make', 'defence', 'products', 'Mihan']",0
20160425,"['Industries', 'takes', 'steps', 'talent', 'retention']",0
20160428,"['Jio', 'existing', 'telcos', 'fight', 'spectrum', 'charge']",0
20160502,"['Citi', 'Research', 'says', 'view', 'Industries', 'positive']",0
20160504,"['Book', 'NMC', 'Jio', 'officials', 'directors']",0
20160505,"['Bangladesh', 'nod', 'first', 'phase', '3bn', 'Power', 'project']",0
20160506,"['gets', 'licence', 'make', 'weapon', 'systems']",0
20160509,"['4G', 'spectrum', 'advantage', 'Airtel', 'Jio', 'CLSA']",1
20160510,"['Retail', 'plans', 'tie', 'Flipkart', 'Snapdeal', 'sell', 'Lyf', '4G', 'handsets']",0
20160518,"['Jio', 'becomes', '5th', 'largest', 'smartphone', 'vendor', 'IDC']",0
20160519,"['Apple', 'Industries', 'agree', 'seal', 'long-term', 'relationship']",0
20160530,"['Jio', 'Infocomm', 'lease', 'base', 'stations', 'tower', 'companies']",1
20160603,"['Jio', 'rings', 'services', 'low', 'key', 'launch']",1
20160603,"['Digital', 'talks', 'retail', 'chains', 'likes', 'Croma', 'push', 'Lyf', 'sales']",1
20160608,"['Jio', 'violates', 'cable', 'duct', 'norms']",0
20160613,"['launches', 'Lyf', 'Water', 'Lyf', 'Wind', 'VoLTE', 'smartphones', 'starting', '12', '999']",0
20160622,"['Jio', 'LeEco', 'entry', 'may', 'lead', 'price', 'war', 'TV', 'market']",0
20160624,"['Jio', 'Jio', 'Infocomm', 'obviously', 'create', 'upset', 'us', 'Kumar', 'Mangalam', 'Birla']",0
20160627,"['Communications', 'offer', '4G', 'data', '93', 'per', '10GB', 'RJio', 'network']",0
20160714,"['Commercial', 'launch', 'Jios', '4G', 'services', 'could', 'take', 'place', 'August']",0
20160718,"['Industries', 'clubs', 'petrol', 'pumps', 'retail', 'arm']",1
20160720,"['Jio', 'entry', 'dilutive', 'telecom', 'industry', 'Sanjay', 'Kapoor', 'former', 'CEO', 'Bharti', 'Airtel']",1
20160720,"['Jio', 'Infocomm', 'partnering', 'phone', 'makers', 'may', 'offer', '3-months', 'free', 'data']",1
20160720,"['Nifty', 'Sensex', 'open', 'firm', 'pct']",1
20160722,"['Jio', '4G', 'rollout', 'next', 'three', 'months', 'CLSA']",0
20160727,"['Karunanidhi', 'accuses', 'agency', 'harassing', 'students']",0
20160728,"['Retail', 'may', 'wind', 'jewellery', 'biz']",1
20160803,"['Lakadganj', 'citizens', 'suffer', 'due']",0
20160805,"['Jio', 'gears', '4G', 'launch', 'set', 'million', 'recharge', 'outlets']",1
20160805,"['Mukesh', 'Ambani', 'Jio', 'launch', 'months']",1
20160810,"['Jio', 'bypassing', 'regulations', 'offering', 'full-fledged', 'services', 'COAI', 'DoT']",1
20160811,"['Jio', 'hits', 'back', 'top', 'telecom', 'companies']",0
20160816,"['Lyf', 'Flame', 'Wind', 'smartphones', 'launched', 'price', 'starts', ';', '499']",1
20160816,"['Jio', 'takes', 'rivals', 'asks', 'Trai', 'invevene', 'licence', 'breach']",1
20160817,"['Army', 'canteens', 'profitable', 'retail', 'chain', 'India', 'ahead', 'Future', 'Retail']",0
20160817,"['Jio', 'wants', 'Trai', 'take', 'telcos', 'task', 'licence', 'breach']",0
20160818,"['Supreme', 'Court', 'decide', 'fate', 'Communications', 'Sistema', 'merger']",0
20160818,"['Top', 'telcos', 'reject', 'Jio', 'demand', 'interconnection', 'points']",0
20160819,"['Communications', 'looks', 'tap', 'data-based', 'calling']",0
20160824,"['COAI', 'dismisses', 'Jio', 'threat', 'legal', 'action', 'says', 'following', 'rules']",1
20160830,"['Jio', '4G', 'offer', 'comes', 'Sony', 'Videocon', 'Sansui', 'smartphones']",1
20160831,"['MF', 'gets', 'nod', 'manage', 'CPSE', 'ETF']",1
20160831,"['Mukesh', 'Ambani', 'may', 'disclose', 'Jio', 'future', 'plans', 'Industries', 'AGM', 'September']",1
20160831,"['Jio', 'free', 'offers', 'trial', 'phase', 'may', 'hit', 'data', 'growth', 'others', 'Analysts']",1
20160901,"['Foundation', 'pledges', 'support', 'Pichavai', 'art']",0
20160901,"['After', 'tariff', 'war', 'Bharti', 'Airtel', 'challenges', 'Jio', '135', 'mbps', 'data', 'speed']",0
20160901,"['Jio', '4G', 'services', 'announced', 'Highlights']",0
20160901,"['Mukesh', 'Ambani', 'unleashes', 'Jio', 'September', 'December', '31', 'free']",0
20160901,"['Jio', 'data', 'plan', 'tariffs', 'All', 'need', 'know']",0
20160902,"['Price', 'war', 'Idea', 'Vodafone', 'Bharti', 'Airtel', 'slash', 'tariffs', 'compete', 'Jio']",0
20160906,"['Jio', 'may', 'cut', 'rates', 'boost', 'customer', 'base']",0
20160906,"['BSNL', 'says', 'match', 'Jio', 'tariff']",0
20160907,"['SIM', 'cards', 'run', 'Jio', 'fever', 'catches', 'Chennai']",1
20160907,"['Telcos', 'PMO', 'Not', 'obliged', 'give', 'interconnect', 'points', 'Jio']",1
20160908,"['Department', 'Telecommunications', 'asks', 'Jio', 'approach', 'Trai', 'grievances']",1
20160914,"['Call', 'drop', 'situation', 'deteriorated', 'last', 'weeks', 'admits', 'Jio']",1
20161003,"['Anil', 'Ambani', 'group', 'signs', 'JV', 'Rafale', 'jet', 'makers', 'Dassault']",1
20161025,"['Govt', 'wins', 'billion', 'price', 'dispute', 'Industries', 'Ltd', 'British', 'Gas']",0
20161118,"['MF', 'files', '2nd', 'tranche', 'CPSE', 'ETF']",0
20161118,"['Chaos', 'demonetisation', 'shows', 'reliance', 'cash']",0
20161125,"['Two', 'dead', 'injured', 'refinery', 'fire']",1
20161221,"['Home', 'Fin', 'raise', ';', '500cr', 'via', 'bonds']",1
20161221,"['Comm', 'signs', 'binding', 'pact', 'Brookfield', '1.6', 'billion', 'tower', 'stake', 'sale']",1
20161227,"['Demonetisation', 'reliance', 'anecdotes', 'support', 'personal', 'views']",1
20170109,"['Disparity', 'road', 'digging', 'deals', 'raises', 'eyebrows']",1
20170120,"['Bharti', 'looks', 'raise', 'funds', 'counter', 'Jio']",0
20170124,"['This', 'message', 'Jio', 'hoax']",0
20170127,"['Jio', 'asks', 'TRAI', 'impose', 'penalty', 'Airtel', 'ads']",0
20170221,"['reliance', 'jio', 'crosses', '100', 'million', 'users', 'months']",1
20170221,"['Asia', 'Naphtha', 'Tender', 'Summary-Reliance', 'sells', 'late', 'March', 'cargoes']",1
20170222,"['held', 'threat', 'calls', 'blow', 'Jio', 'office']",1
20170223,"['BUZZ-Brazil', 'Kroton', 'shares', 'fall', 'fund', 'unveils', 'big', 'reliance', 'state', 'loan', 'program']",1
20170228,"['Middle', 'East', 'Crude-Dubai', 'strengthens', 'delivers', 'Upper', 'Zakum', 'Shell']",0
20170303,"['Industries', 'promoter', 'entities', 'rejig', 'shareholding', 'firm']",1
20170310,"['counter', 'buzzes', 'shares', 'worth', '51k', 'crore', 'change', 'hands']",0
20170314,"['Commercial', 'Finance', 'appoints', 'Devang', 'Mody', 'CEO']",1
20170324,"['India', 'trying', 'cut', 'reliance', 'Chinese', 'pharma', 'ingredients']",1
20170328,"['File', 'case', 'Jio', 'Velim', 'panchayat', 'told']",0
20170329,"['plans', 'make', 'Falcon', 'parts', 'Mihan']",0
20170412,"['Risk-taking', 'shows', 'Indian', 'market', 'shift']",0
20170413,"['Jio', 'vs', 'Vodafone', 'Ambush', 'Marketing', 'IPL', '2017']",0
20170419,"['Jio', 'files', 'tariffs', 'plan', 'latest', 'offer', 'Dhan', 'Dhana', 'Dhan', 'TRAI']",0
20170425,"['India', 'Industries', 'hits', 'near', '9-yr', 'high', 'upbeat', 'Q4']",1
20170503,"['Consumer', 'electronics', 'business', 'top', 'grosser', 'Retail']",0
20170505,"['Jio', 'talks', 'govt', 'lease', 'dark', 'fibre', 'bharatnet', 'initiative']",0
20170512,"['Airport', 'line', 'Tribunal', 'awards', 'Infrastructure', ';', 'cr']",0
20170529,"['Growing', 'reliance', 'tankers', 'borewells', 'apartments', 'points', 'crisis', 'situation']",1
20170529,"['India', 'Comms', 'shares', 'hit', 'record', 'low', 'Q4', 'loss', 'debt', 'woes']",1
20170529,"['Communications', 'shares', 'hit', 'record', 'low', 'fourth-quarter', 'loss', 'debt', 'woes']",1
20170529,"['Indian', 'shares', 'ease', 'record', 'highs', 'Comm', 'hits', 'life', 'low']",1
20170529,"['Sensex', 'eases', 'record', 'highs', 'Communications', 'hits', 'life', 'low']",1
20170605,"['Communications', 'shares', 'rise', 'debt', 'deal', 'lenders']",1
20170605,"['Sebi', 'questions', 'delay', 'Communications', 'downgrade', 'agencies', 'blame', 'lack', 'default', 'info']",1
20170629,"['pay', 'pending', 'money', 'Mihan', 'land', 'next', 'week']",0
20170710,"['Jio', 'latest', 'post-paid', 'plans']",1
20170710,"['Jio', 'latest', 'prepaid', 'plans']",1
20170711,"['Was', 'Jio', 'customer', 'information', 'hacked']",0
20170712,"['may', 'start', 'Mihan', 'production', '1st', 'quarter', '2018']",1
20170713,"['High', 'Court', 'seeks', 'photo', 'evidence', 'Jio', 'Infocomm', 'Limited', 'pits']",1
20170713,"['Jio', 'user', 'data', 'leak', 'Maha', 'police', 'detains', 'Rajasthan', 'man']",1
20170718,"['Foreign', 'funds', 'stake', 'purchases', 'value', 'MF', '15', 'crore']",0
20170721,"['finally', 'pays', 'pending', 'dues', 'Mihan-SEZ', 'land']",1
20170724,"['RIL', 'sees', 'Retail', 'Jio', 'hyper', 'growth', 'platforms']",1
20170726,"['Defence', '1st', 'private', 'company', 'launch', 'naval', 'patrol', 'vessels']",1
20170821,"['Communications', 'Aircel', 'creditors', 'may', 'challenge', 'NCLT', 'order']",1
20170828,"['Jio', 'growing', 'business', 'incurring', 'losses', 'Vodafone', 'CEO']",0
20170907,"['Industries', 'acquire', 'Kemrock', 'assets']",1
20170926,"['Capital', 'launch', 'standalone', 'health', 'insurance', 'arm']",0
20171003,"['ECB', 'reliance', 'bankers', 'feedback', 'raises', 'capture', 'risk', 'activist', 'group']",1
20171006,"['Tokyo', 'Koike', 'new', 'party', 'vows', 'scrap', 'over-reliance', 'fiscal', 'monetary', 'steps']",1
20171006,"['UPDATE', '1-Tokyo', 'Koike', 'new', 'party', 'vows', 'scrap', 'over-reliance', 'fiscal', 'monetary', 'steps']",1
20171006,"['Corrected', 'Tokyo', 'Koike', 'new', 'party', 'vows', 'scrap', 'over-reliance', 'fiscal', 'monetary', 'steps']",1
20171006,"['Tokyo', 'governor', 'new', 'party', 'vows', 'scrap', 'over-reliance', 'fiscal', 'monetary', 'steps']",1
20171006,"['Asia', 'Naphtha', 'Tender', 'Summary-Reliance', 'sells', 'early', 'Nov', 'cargo']",1
20171011,"['Le', 'Meridien', 'eviction', 'HC', 'dismisses', 'plea']",1
20171016,"['India', 'Industries', 'hits', 'fresh', 'record', 'high', 'Q2', 'results']",1
20171016,"['Jio', 'likely', 'post', 'profit', 'next', 'fiscal', 'users', 'strong', 'ARPU', 'Analysts']",1
20171019,"['Asia', 'Naphtha', 'Tender', 'Summary-Reliance', 'sells', 'mid-Nov', 'naphtha']",1
20171025,"['Nippon', 'Life', 'IPO', 'opens', 'today', 'gets', 'fully', 'subscribed']",0
20171026,"['Nippon', 'Life', 'IPO', 'fully', 'subscribed', 'min']",1
20171027,"['Aero', 'Park', 'could', 'much-awaited', 'Mihan', 'anchor']",0
20171106,"['Track', 'record', 'profits', 'key', 'MF', 'IPO', 'success']",0
20171106,"['Jio', 'vendor', 'booked', 'laying', 'optical', 'fiber', 'cable', 'damaging', 'road']",0
20171106,"['Nippon', 'lists', '295.90', '17', 'premium', 'issue', 'price']",0
20171106,"['Nippon', 'AMC', 'lists', '17', 'pc', 'premium', 'bourses']",0
20171107,"['Aircel', 'may', 'wind', 'India', 'operations', 'post', 'failed', 'Communications', 'deal']",0
20171115,"['Congress', 'claims', 'scam', 'Rafale', 'deal', 'says', 'helping', 'Defence']",0
20171116,"['Industries', 'shares', 'price', 'drop', 'oil', 'prices']",1
20171130,"['Comm', 'told', 'bondholders', 'par', 'lenders']",0
20171201,"['group', 'file', 'crore', 'defamation', 'suit', 'Abhishek', 'Singhvi']",0
20171208,"['Group', 'set', 'sports', 'arenas', 'Amaravati']",1
20171221,"['Adani', 'buys', 'debt-hit', 'Energy', '19', 'crore']",0
20171229,"['India', 'Jio', 'buy', 'RCom', 'wireless', 'assets', '3.75', 'bln', 'deal-sources']",0
20180109,"['store', 'manager', 'dupes', 'customers', 'several', 'lakhs']",1
20180110,"['Nippon', 'AMC', 'plans', 'first', 'dividend', 'post', 'listing']",1
20180117,"['road', 'dug', 'Energy', 'lay', 'cable']",0
20180207,"['Jio', 'digs', 'pavements']",1
20180214,"['Destruction', 'Tilak', 'Nagar', 'Roads', 'Jio']",1
20180221,"['Industries', 'buy', 'stake', 'Eros', '340', 'crore']",1
20180223,"['Infrastructure', 'bags', ';', '600', 'cr', 'Uppur', 'thermal', 'plant', 'EPC', 'contract']",1
20180226,"['Oil', 'electronics', 'Andhra', 'Pradesh', 'gets', '52', 'crore', 'booster', 'dose']",1
20180227,"['Infrastructure', 'wins', '292', 'crore', 'power', 'dues', 'case', 'state', 'appeal']",1
20180228,"['shoddy', 'work', 'infra']",1
20180319,"['Big', 'TV', 'ties', '12', 'post', 'offices', 'booking']",0
20180328,"['sell', 'second', 'US', 'shale', 'gas', 'project', '100m']",0
20180411,"['Road', 'dugup', 'Energy']",1
20180411,"['Zero', 'Maintenance', 'Energy']",1
20180413,"['Industries', 'buy', '73', 'stake', 'Embibe', 'plans', 'invest', '180', 'million', 'years']",1
20180416,"['India', 'moves', 'reduce', 'reliance', 'Russia', 'defence', 'imports']",0
20180424,"['Top', 'shares', 'focus', 'ICICI', 'Prudential', 'Bharti', 'Airtel', 'IDFC', 'Bank', 'Hindustan', 'Copper', 'Naval', 'spotlight']",1
20180427,"['Industries', 'ushers', 'cultural', 'change', 'HR', 'moves']",0
20180427,"['Expectations', 'Industries', 'Q4', 'FY18', 'result']",0
20180502,"['Defence', 'questions', 'reliance', 'confession']",0
20180503,"['Defence', 'questions', 'reliance', 'confession']",0
20180504,"['After', 'aircraft', 'spares', 'make', 'radar', 'components', 'Mihan']",0
20180509,"['work', 'unfinished', 'kept', 'Energy']",1
20180510,"['Jio_Pure', 'Loot']",1
20180515,"['Communications', 'Q4', 'results', 'Investors', 'likely', 'disappointed', 'quarter', 'results']",0
20180515,"['Shares', 'focus', 'today', 'Hindustan', 'Unilever', 'Fortis', 'Communication', 'focus']",0
20180517,"['Over-reliance', 'BCCI', 'hampering', 'growth', 'ICC']",0
20180522,"['veteran', 'passes', 'away']",0
20180528,"['Entertainment', 'teams', 'Imtiaz', 'Ali', 'make', 'movies']",1
20180607,"['race', 'buy', 'Seven', 'Hills', 'hospital']",1
20180614,"['Communications', 'group', 'head', 'count', 'falls', '94', '400', 'people']",1
20180619,"['shuts', 'power', 'supply', '3250', 'consumers', 'slum', 'arrears', '63', 'crore']",0
20180620,"['BMC', 'leave', 'surplus', 'material', 'footpath']",1
20180620,"['World', 'Cup', 'Kane', 'over-reliance', 'hampering', 'England', 'progress']",1
20180627,"['Zegna', 'invest', 'fashion', 'designer', 'Raghavendra', 'Rathore']",1
20180627,"['Illegal', 'Dumping', 'OFC', 'Wires', 'Contracto']",1
20180706,"['offer', '2nd-gen', 'JioPhone']",1
20180706,"['Jio', 'set', 'disrupt', 'home', 'entertainment', 'business']",1
20180713,"['Civic', 'body', 'decides', 'cut', 'reliance', 'road', 'contractors']",1
20180719,"['Cables', 'crossing', 'footpath', 'near', 'digital']",1
20180719,"['Jio', 'provided', 'great', 'learnings', 'us', 'Cisco', 'India', 'president', 'Garde']",1
20180720,"['Wind', 'energy', 'reducing', 'reliance', 'thermal', 'units']",1
20180727,"['Industries', 'FY19', 'Q1', 'result', 'today']",1
20180730,"['BSNL', 'takes', 'Jio', '75', 'prepaid', 'plan']",1
20180801,"['Industries', 'wins', 'international', 'award', 'gas', 'row', 'govt']",1
20180813,"['Happy', 'hours', 'Jio', 'disrupt', 'broadband', 'market', 'low', 'pricing']",0
20180823,"['tries', 'gag', 'parties', 'Rafale', 'Congress', 'ignores', 'threat']",1
20180823,"['Communications', 'concludes', 'sale', 'nodes', 'Jio', ';', 'crore']",1
20180823,"['RCom', 'concludes', 'sale', 'nodes', 'Jio', ';', 'crore']",1
20180824,"['Industries', 'becomes', 'first', 'company', 'hit', '8-lakh-crore', 'market', 'capitalisation', 'mark']",1
20180827,"['RCom', 'completes', 'sale', 'fibre', 'assets', 'Jio', ';', 'crore']",1
20180830,"['held', 'guilty', 'Jio', 'official', 'murder']",0
20180903,"['Infra', 'wins', '200-crore', 'arbitration', 'NHAI', 'Company']",0
20180903,"['Infra', 'wins', '200', 'crore', 'arbitration', 'NHAI', 'Company']",0
20180904,"['Home', 'Fin', 'exclusive', 'talks', 'overseas', 'investor', 'equity', 'investment']",0
20180906,"['Top-Performing', 'shaking', 'past', 'decade', 'slumber']",1
20180910,"['Industries', 'Limited', 'arm', 'buys', '16.3', 'Genesis', 'Colors']",0
20180921,"['permanently', 'shuts', 'MA', 'oil', 'field', 'KG-D6', 'block']",1
20180928,"['Allegations', 'fly', 'Delhi', 'Dassault-Reliance', 'strike', 'roots', 'Maharashtra', 'Mihan']",1
20181011,"['Defence', 'chosen', 'offset', 'partner', 'Dassault', 'Aviation']",0
20181012,"['Offset', 'Defence', '10', 'obligation', 'talks', '100', 'Indian', 'companies', 'Dassault', 'CEO', 'Rafale', 'deal']",1
20181012,"['MF', 'gets', 'ESIC', 'mandate', 'manage', 'funds']",1
20181012,"['Rafale', 'deal', 'Dassault', 'says', 'picked']",1
20181019,"['Industries', 'shares', 'slump', 'post', 'Q2', 'results']",0
20181019,"['Industries', 'raises', ';', '500', 'cr', 'BSE', 'BOND', 'platform']",0
20181026,"['Rafale', 'deal', 'India', 'force', 'choice', 'offset', 'partner', 'says', 'Dassault', 'CEO']",1
20181212,"['Jio', 'spin', 'fiber', 'tower', 'units']",1
20181226,"['Jio', 'set', 'launch', 'VoWi-Fi', 'service', 'reportedly', 'spotted', 'testing']",0
20190108,"['reliance', 'launches', 'kumbh', 'jiophone', 'pilgrims', 'religious', 'fest', 'starting', 'january', '15']",0
20190208,"['Industries', 'may', 'sell', 'Jio', 'infra', 'assets', 'reduce', 'debt']",0
20190213,"['From', 'prized', 'jewel', 'fallen', 'star', 'The', 'collapse', 'Communications']",1
20190222,"['Capital', 'plans', 'MF', 'exit', 'taps', 'Nippon', 'Life', 'buy', '43', 'JV']",0
20190222,"['Jio', 'users', 'Samsung', 'exclusive', 'offer']",0
20190226,"['Regulatory', 'decisions', 'unduly', 'favoured', 'Jio', 'Vodafone', 'chief']",0
20190227,"['Airtel', 'Vodafone', 'may', 'team', 'optical', 'fibre', 'space', 'fight', 'Jio']",1
20190228,"['Industries', 'talks', 'majority', 'stake', 'startup', 'Grab']",0
20190328,"['Google', 'MF', 'team', 'voice-based', 'fund', 'service']",0
20190404,"['Jio', 'buys', 'chatbot', 'firm', 'Haptik', '700', 'crore', 'deal']",0
20190404,"['Jio', 'buys', 'chatbot', 'firm', 'Haptik', '700cr', 'deal']",0
20190412,"['Jio', 'offering', 'benefits', '10', 'purchase', 'two', 'Vivo', 'phones']",1
20190424,"['SoftBank', 'may', 'invest', '2-3', 'billion', 'Jio', 'Report']",1
20190425,"['Jio', 'overtakes', 'Airtel', 'become', 'India', 'No.2', 'telecom', 'company']",1
20190426,"['Vodafone', 'launches', '139', 'prepaid', 'plan', 'compares', 'Jio', 'Rs', '149', 'data', 'plan']",0
20190503,"['Capital', 'arms', 'total', 'debt', '52', '500', 'crore', 'Report']",1
20190503,"['Communications', 'Lenders', 'face', 'steep', 'haircut']",1
20190506,"['Group', 'got', 'projects', 'worth', 'lakh', 'crore', 'UPA']",0
20190508,"['Bankruptcy', 'process', 'starts', 'Communications']",0
20190509,"['Zee', 'Entertainment', 'stock', 'crashes', '10', 'MF', 'sells', 'holding']",0
20190528,"['Three', 'abduct', 'Gas', 'GM', 'release', 'seven', 'hours']",0
20190612,"['group', 'serviced', '35', 'crore', 'debts', '14', 'months']",1
20190618,"['Claims', 'RCom', 'swell', '57', '382', 'crore', 'ADAG', 'companies', 'among', 'claimants']",0
20190618,"['Major', 'blaze', 'unit', 'Raigad', 'district']",0
20190625,"['Chargesheet', 'staffer', 'cheated', 'firms']",1
20190701,"['external', 'factors', 'affected', 'farming', 'India', 'says', 'author']",0
20190730,"['This', 'Jio', 'GigaFiber', 'activation', 'mail', 'fake']",0
20190801,"['Amazon', 'may', 'shop', 'stake', 'Retail']",1
20190805,"['Industries', 'acquires', 'Google-backed', 'firm', 'Fynd']",0
20190813,"['Jio-Microsoft', 'deal', 'bring', 'IT', 'costs']",1
20190816,"['Capital', 'Q1', 'net', 'profit', 'rises', 'fourfold', ';', '218', 'crore']",0
20190820,"['Google', 'may', 'bad', 'news', 'Airtel', 'Jio', 'others', 'shuts', 'service']",0
20190830,"['Jio', 'may', 'special', 'surprise', 'GigaFiber', 'customers']",0
20190906,"['Why', 'JioFiber', 'First', 'Day', 'First', 'Show', 'worry', 'PVR', 'multiplexes']",1
20190912,"['Airtel', 'launches', 'Xstream', 'Fibre', 'broadband', 'plan', '1Gbps', 'speed', 'Here', 'compares', 'Jio', 'Fibre', 'Titanium', 'plan']",1
20190917,"['Communications', 'unit', 'GCX', 'files', 'bankruptcy']",0
20190923,"['Care', 'Ratings', 'downgrades', 'Capital']",1
20190930,"['Mumbai', 'Businessman', 'Indore', 'poses', 'official', 'held']",1
20191010,"['Anil', 'Ambani', 'group', 'gets', 'sons', 'Infrastructure', 'board']",1
20191010,"['Jio', 'begins', 'charging', 'calls', 'networks']",1
20191014,"['swap', 'diesel', 'Venezuelan', 'crude', 'oil']",0
20191016,"['Reduce', 'telecom', 'sector', 'taxes', 'Jio']",1
20191017,"['Trai', 'gets', 'Jio', 'plaint', 'rivals', 'Airtel', 'Voda-Idea']",1
20191106,"['pulls', 'Andhra', 'Pradesh', 'project', 'farm', 'unrest']",0
20200110,"['Infrastructure', 'gets', 'nod', 'NHAI', 'sale', 'Delhi-Agra', 'road']",1
20200110,"['Lenders', 'invoke', '55', 'lakh', 'pledged', 'shares', 'Infrastructure']",1
20200115,"['Jio', 'asset', 'rejig', 'co', 'top', 'bidders', 'debt-hit', 'RCom', 'group', 'companies']",0
20200115,"['Jio', 'UV', 'Arc', 'top', 'bidders', 'RCom', 'group', 'assets']",0
20200127,"['reliance', 'jio', 'snapchat', 'launches', '10', 'second', 'creative', 'challenge', 'jios', 'got', 'talent']",0
20200228,"['SAT', 'allows', 'lenders', 'sell', 'General', 'Insurance']",0
20200407,"['infuse', '500cr', 'ed-tech', 'biz']",1
20200407,"['infuse', '500cr', 'ed-tech', 'co']",1
20200506,"['Industries', 'plans', 'buy', 'e-pharmacy', 'Netmeds']",1
20200518,"['General', 'Atlantic', 'picks', '1.3', 'Jio', ';', '598', 'crore']",1
20200527,"['Pharma', 'sector', 'Self-reliance', 'myth', 'focus', 'reducing', 'import', 'dependence']",1
20200601,"['US', 'consider', 'rejoining', 'WHO', 'ends', 'corruption', 'reliance', 'China', 'White', 'House']",1
20200625,"['Big', 'Entertainment', 'defaults', 'bonds']",0
